MonsoonIntensity,TopographyDrainage,RiverManagement,Deforestation,Urbanization,ClimateChange,DamsQuality,Siltation,AgriculturalPractices,Encroachments,IneffectiveDisasterPreparedness,DrainageSystems,CoastalVulnerability,Landslides,Watersheds,DeterioratingInfrastructure,PopulationScore,WetlandLoss,InadequatePlanning,PoliticalFactors,FloodProbability,created_at,id
3,10,4,6,5,2,9,5,1,0,4,9,6,2,4,7,5,7,5,3,0.465,"2024-06-03 06:40:25",1
5,6,4,6,2,7,5,5,3,7,4,2,5,7,7,2,4,5,4,6,0.48,"2024-06-03 06:40:25",2
2,8,7,5,7,3,0,4,5,6,8,2,3,5,2,4,4,6,6,5,0.505,"2024-06-05 06:41:15",3
4,1,6,4,7,6,3,9,2,3,3,3,4,3,6,5,8,6,5,2,0.425,"2024-06-03 06:40:25",4
3,2,2,6,4,4,6,5,2,6,5,0,4,6,6,3,6,6,4,6,0.41,"2024-06-05 06:41:15",5
4,5,6,4,7,5,5,4,5,1,8,3,3,4,5,5,6,6,5,7,0.49,"2024-06-03 06:40:25",6
8,4,3,2,3,6,11,4,8,3,6,4,6,7,3,5,6,5,5,4,0.52,"2024-06-03 06:40:25",7
6,3,6,4,4,9,0,7,2,6,2,5,2,6,10,7,5,3,3,6,0.48,"2024-06-04 06:40:43",8
9,7,3,6,2,7,4,10,4,6,4,4,2,3,6,4,6,2,3,5,0.5,"2024-06-02 06:39:44",9
2,6,9,3,7,4,3,2,5,6,9,6,2,5,6,3,5,3,5,7,0.475,"2024-06-06 06:46:44",10
4,3,8,3,3,10,2,4,5,3,3,4,5,8,5,7,6,6,3,2,0.49,"2024-06-05 06:41:15",11
5,5,4,7,6,6,4,3,3,5,4,4,4,4,7,7,2,10,7,11,0.565,"2024-06-05 06:41:15",12
5,5,4,5,9,5,8,6,5,3,0,5,2,3,5,3,3,4,7,6,0.48,"2024-06-06 06:46:44",13
5,8,5,8,6,4,4,3,3,4,2,5,3,3,5,4,7,5,7,3,0.445,"2024-06-01 06:37:15",14
4,2,5,5,8,3,3,2,5,5,8,2,4,5,7,4,6,6,4,4,0.445,"2024-06-05 06:41:15",15
7,5,9,8,5,5,4,0,5,8,6,3,6,6,3,2,4,3,1,6,0.48,"2024-06-06 06:46:44",16
4,3,2,3,9,3,7,3,3,6,2,5,7,5,5,6,4,6,3,7,0.455,"2024-06-04 06:40:43",17
2,7,5,4,7,6,6,5,5,6,2,7,3,6,10,6,4,2,4,3,0.53,"2024-06-03 06:40:25",18
4,5,8,5,5,3,5,5,3,2,5,2,4,5,6,7,8,4,2,2,0.46,"2024-06-05 06:41:15",19
8,6,4,5,6,10,3,4,5,4,4,4,4,5,0,4,7,7,4,8,0.525,"2024-06-03 06:40:25",20
3,5,4,7,5,7,9,6,5,2,6,5,7,7,4,4,2,8,5,6,0.56,"2024-06-05 06:41:15",21
4,3,2,7,9,3,3,6,6,7,5,5,5,4,4,3,2,5,6,4,0.48,"2024-06-02 06:39:44",22
3,3,4,3,6,10,3,5,8,7,7,3,3,2,5,4,3,3,2,5,0.44,"2024-06-03 06:40:25",23
4,3,0,7,1,4,3,4,5,8,6,5,4,2,6,7,6,9,8,5,0.5,"2024-06-06 06:46:44",24
6,6,10,9,6,4,5,4,6,5,8,3,8,4,3,5,3,2,2,4,0.525,"2024-06-05 06:41:15",25
4,2,2,6,8,6,5,2,6,9,6,2,4,9,3,7,6,13,8,5,0.575,"2024-06-06 06:46:44",26
7,5,9,7,4,7,5,10,6,4,3,2,5,2,9,2,3,4,9,8,0.59,"2024-06-02 06:39:44",27
2,4,1,5,4,4,7,5,8,3,2,7,3,6,6,7,8,3,6,5,0.49,"2024-06-03 06:40:25",28
4,3,5,4,4,3,3,4,6,4,7,7,3,3,2,7,3,8,3,7,0.495,"2024-06-05 06:41:15",29
2,10,2,6,4,5,6,1,4,2,4,3,3,5,8,2,8,9,6,7,0.49,"2024-06-05 06:41:15",30
7,5,5,5,5,3,6,3,5,2,3,4,8,2,3,3,5,5,6,6,0.485,"2024-06-04 06:40:43",31
6,4,5,10,1,6,2,11,7,4,5,1,7,4,6,5,5,6,3,6,0.535,"2024-06-04 06:40:43",32
3,2,1,4,10,2,9,6,6,7,7,7,6,4,5,4,3,5,3,5,0.495,"2024-06-04 06:40:43",33
2,4,7,3,3,9,7,5,1,5,4,4,7,10,2,5,2,4,3,5,0.455,"2024-06-04 06:40:43",34
4,5,9,5,5,5,7,7,6,2,3,1,7,5,5,3,9,2,3,4,0.51,"2024-06-04 06:40:43",35
4,6,3,8,6,4,3,4,4,8,4,5,3,4,2,7,5,5,5,3,0.445,"2024-06-04 06:40:43",36
6,2,6,8,5,4,4,4,4,3,2,4,7,4,6,7,2,4,9,3,0.46,"2024-06-05 06:41:15",37
6,5,3,5,6,4,4,5,6,3,4,2,3,4,5,3,4,5,7,8,0.515,"2024-06-06 06:46:44",38
4,6,1,5,5,3,8,3,4,4,5,5,6,7,6,5,4,7,8,4,0.505,"2024-06-03 06:40:25",39
3,8,2,5,4,3,7,3,7,5,3,5,6,3,5,4,4,6,9,6,0.485,"2024-06-04 06:40:43",40
3,5,8,5,4,8,6,5,8,3,4,3,6,6,5,9,4,8,6,5,0.585,"2024-06-05 06:41:15",41
2,5,6,5,4,8,4,4,5,5,1,5,5,4,7,8,6,5,5,8,0.525,"2024-06-02 06:39:44",42
5,2,4,3,4,4,1,5,1,3,6,3,5,6,3,2,3,4,5,3,0.415,"2024-06-05 06:41:15",43
6,5,5,7,4,4,9,3,3,7,1,5,5,8,6,3,2,3,8,2,0.465,"2024-06-05 06:41:15",44
5,8,5,6,6,6,6,4,6,3,4,2,5,6,5,4,4,8,4,8,0.53,"2024-06-03 06:40:25",45
6,9,6,2,5,5,1,5,4,4,8,7,5,4,6,4,7,9,6,6,0.565,"2024-06-06 06:46:44",46
6,7,4,4,8,8,3,5,4,6,9,7,2,0,3,5,3,3,4,3,0.45,"2024-06-01 06:37:15",47
6,8,7,3,4,5,3,5,4,5,5,4,4,2,4,2,4,7,5,4,0.505,"2024-06-03 06:40:25",48
3,6,7,5,3,6,8,5,3,5,4,7,5,5,5,4,4,4,5,6,0.54,"2024-06-05 06:41:15",49
2,4,3,4,7,6,3,5,3,1,4,9,5,5,9,6,3,7,6,7,0.53,"2024-06-06 06:46:44",50
3,7,3,5,11,1,5,4,6,7,6,3,6,7,3,2,4,7,4,5,0.53,"2024-06-03 06:40:25",51
7,5,5,5,1,4,5,3,5,7,8,5,4,3,10,1,6,4,3,1,0.505,"2024-06-05 06:41:15",52
5,4,6,3,5,6,4,3,4,4,5,4,5,3,4,5,8,3,8,10,0.515,"2024-06-06 06:46:44",53
9,9,9,8,4,5,3,6,4,4,5,7,12,3,3,4,12,9,3,11,0.675,"2024-06-02 06:39:44",54
5,6,10,7,8,6,6,5,5,3,5,4,4,7,5,3,5,6,8,1,0.565,"2024-06-05 06:41:15",55
5,6,5,7,4,7,4,8,2,2,2,3,9,6,5,5,5,2,2,3,0.485,"2024-06-06 06:46:44",56
5,4,5,3,8,8,9,4,6,4,7,8,1,2,10,5,6,9,3,5,0.57,"2024-06-04 06:40:43",57
4,6,5,2,2,6,6,3,3,2,5,6,4,7,6,6,6,4,6,8,0.51,"2024-06-03 06:40:25",58
5,5,8,6,5,5,5,7,5,3,8,4,9,3,6,1,3,5,4,5,0.51,"2024-06-06 06:46:44",59
10,5,4,4,5,4,7,6,7,4,9,2,1,5,4,6,6,3,8,5,0.525,"2024-06-03 06:40:25",60
7,7,2,5,6,10,5,4,3,1,7,6,4,5,5,6,8,2,6,4,0.525,"2024-06-05 06:41:15",61
3,6,5,3,5,5,4,0,3,5,5,6,5,6,2,2,5,8,5,10,0.49,"2024-06-03 06:40:25",62
5,3,2,6,5,7,9,3,6,2,2,4,7,5,3,5,6,4,6,2,0.485,"2024-06-04 06:40:43",63
6,5,6,7,3,7,1,5,4,5,6,7,3,7,5,6,8,2,3,3,0.53,"2024-06-01 06:37:15",64
6,3,3,5,4,5,7,6,5,8,5,2,6,8,4,5,2,3,6,4,0.485,"2024-06-05 06:41:15",65
4,3,5,0,3,1,1,4,6,5,7,5,5,1,4,7,7,3,2,7,0.415,"2024-06-04 06:40:43",66
7,1,5,2,3,1,11,5,4,2,10,5,8,7,7,4,6,4,7,8,0.54,"2024-06-05 06:41:15",67
3,2,4,2,8,3,2,3,3,2,7,9,6,7,3,5,6,4,3,7,0.45,"2024-06-06 06:46:44",68
4,4,8,5,3,10,1,5,10,6,3,3,6,3,5,5,6,7,7,8,0.55,"2024-06-02 06:39:44",69
3,5,5,6,9,4,5,7,5,5,2,2,3,5,5,7,4,8,3,3,0.49,"2024-06-05 06:41:15",70
8,3,3,5,7,4,6,5,5,4,3,8,5,4,5,6,3,6,4,3,0.475,"2024-06-04 06:40:43",71
4,6,5,5,3,2,4,8,5,6,3,8,2,5,8,6,6,3,1,7,0.475,"2024-06-04 06:40:43",72
6,5,7,5,3,6,4,14,3,4,2,2,4,0,6,6,2,2,3,9,0.455,"2024-06-04 06:40:43",73
7,10,6,4,7,5,3,3,4,4,4,5,6,6,5,3,5,5,3,3,0.485,"2024-06-04 06:40:43",74
6,4,3,5,6,5,3,6,7,2,4,9,6,5,5,4,3,4,8,1,0.49,"2024-06-03 06:40:25",75
5,7,3,9,6,4,8,6,6,4,7,3,2,5,3,4,3,4,6,6,0.54,"2024-06-06 06:46:44",76
3,5,3,8,3,7,3,3,5,4,3,5,6,3,9,6,4,5,1,6,0.485,"2024-06-03 06:40:25",77
7,9,4,9,2,2,4,5,5,7,5,4,6,3,8,4,9,9,4,3,0.57,"2024-06-02 06:39:44",78
5,9,6,7,4,7,8,5,4,7,4,3,4,6,4,5,7,2,9,4,0.58,"2024-06-06 06:46:44",79
3,4,6,5,4,8,4,7,6,8,5,2,4,7,4,4,6,5,7,5,0.535,"2024-06-01 06:37:15",80
7,4,4,0,4,5,4,6,9,3,3,5,8,3,2,6,4,9,1,5,0.445,"2024-06-05 06:41:15",81
4,6,5,8,3,6,8,5,5,6,3,5,5,2,4,2,4,2,4,5,0.515,"2024-06-05 06:41:15",82
5,4,4,8,6,3,4,8,4,5,4,3,8,6,4,4,5,7,4,6,0.51,"2024-06-03 06:40:25",83
5,9,5,4,6,6,4,2,5,3,2,7,3,2,4,5,1,1,4,4,0.395,"2024-06-04 06:40:43",84
4,3,6,8,5,6,4,4,3,5,5,3,4,5,7,4,5,8,3,6,0.53,"2024-06-04 06:40:43",85
5,5,7,7,3,5,4,5,3,5,3,4,8,5,3,3,5,3,4,5,0.455,"2024-06-02 06:39:44",86
6,3,7,7,3,8,10,4,5,7,4,5,4,6,7,6,7,4,4,8,0.6,"2024-06-03 06:40:25",87
3,4,1,5,6,5,4,5,6,8,1,7,10,8,9,6,8,5,4,8,0.575,"2024-06-03 06:40:25",88
6,1,9,7,4,3,5,7,2,7,8,5,5,5,5,4,9,4,3,6,0.535,"2024-06-05 06:41:15",89
4,2,6,2,8,6,4,8,7,6,9,10,5,4,4,4,6,4,3,4,0.555,"2024-06-06 06:46:44",90
2,7,5,2,6,4,3,8,3,10,6,3,4,8,0,6,2,6,6,4,0.46,"2024-06-03 06:40:25",91
4,3,3,2,7,9,6,6,8,5,6,6,4,6,3,4,2,2,5,6,0.485,"2024-06-03 06:40:25",92
2,6,5,3,5,5,9,3,6,4,6,4,5,4,4,9,3,3,4,5,0.47,"2024-06-05 06:41:15",93
4,6,8,6,6,4,5,2,4,6,2,6,8,5,7,2,5,6,2,5,0.53,"2024-06-04 06:40:43",94
5,3,2,6,4,4,3,3,3,3,5,2,2,6,6,4,1,2,3,5,0.415,"2024-06-01 06:37:15",95
7,7,3,7,9,6,1,4,4,3,3,5,4,6,2,3,6,4,5,3,0.515,"2024-06-04 06:40:43",96
4,2,3,6,4,6,5,3,5,3,8,5,3,8,11,6,10,9,6,6,0.595,"2024-06-04 06:40:43",97
3,7,4,5,5,6,4,3,4,6,4,5,3,6,4,9,8,5,4,2,0.465,"2024-06-03 06:40:25",98
8,0,4,8,7,8,6,5,4,2,9,3,4,5,3,4,3,4,3,2,0.47,"2024-06-05 06:41:15",99
7,8,4,8,2,6,6,6,3,6,4,2,5,1,4,6,8,7,1,4,0.49,"2024-06-05 06:41:15",100
2,4,3,2,4,5,6,10,2,6,5,7,3,10,6,8,8,4,3,2,0.505,"2024-06-06 06:46:44",101
6,3,4,4,5,1,4,9,2,7,2,6,3,7,6,4,8,8,5,3,0.485,"2024-06-05 06:41:15",102
9,8,7,4,6,8,8,2,6,7,7,7,8,7,6,3,8,4,4,7,0.66,"2024-06-06 06:46:44",103
2,7,3,3,6,3,9,5,3,6,4,9,2,5,5,3,5,9,3,5,0.51,"2024-06-02 06:39:44",104
5,4,1,4,2,4,6,6,7,5,5,3,5,5,4,4,6,8,3,2,0.44,"2024-06-01 06:37:15",105
4,3,1,4,3,9,5,2,5,7,5,3,4,9,3,3,1,2,5,1,0.415,"2024-06-04 06:40:43",106
2,5,6,3,6,4,11,5,8,9,3,3,5,4,3,5,4,4,5,8,0.55,"2024-06-03 06:40:25",107
5,4,5,6,9,7,7,6,5,4,7,5,4,6,5,9,7,3,6,2,0.57,"2024-06-04 06:40:43",108
2,4,5,6,7,4,3,3,5,5,8,6,7,6,4,2,6,6,1,7,0.5,"2024-06-04 06:40:43",109
7,2,3,4,5,5,5,5,3,6,5,8,6,2,7,10,2,4,2,5,0.5,"2024-06-03 06:40:25",110
5,6,4,5,5,3,5,4,3,5,5,3,5,10,6,8,7,6,5,2,0.54,"2024-06-02 06:39:44",111
2,8,4,3,5,4,5,7,2,9,3,1,6,3,9,2,7,4,5,4,0.46,"2024-06-05 06:41:15",112
5,3,4,3,7,4,6,4,4,4,3,6,4,8,6,4,4,6,4,4,0.51,"2024-06-06 06:46:44",113
4,5,2,7,5,3,4,2,3,8,3,5,8,4,9,6,8,4,3,8,0.505,"2024-06-05 06:41:15",114
11,5,3,5,5,4,6,2,4,2,6,4,3,3,7,3,5,6,2,9,0.47,"2024-06-04 06:40:43",115
3,2,1,5,5,8,6,8,8,3,3,3,5,2,6,8,2,8,3,5,0.455,"2024-06-06 06:46:44",116
6,8,5,4,5,3,5,2,5,6,3,2,5,4,7,3,5,6,5,4,0.455,"2024-06-04 06:40:43",117
4,5,4,7,5,5,3,3,3,6,10,4,5,4,5,6,5,6,7,7,0.535,"2024-06-03 06:40:25",118
7,5,6,8,5,4,6,5,7,6,6,3,6,5,3,5,5,4,4,2,0.55,"2024-06-05 06:41:15",119
7,3,5,4,3,7,3,5,3,4,7,3,7,6,11,2,6,1,4,3,0.45,"2024-06-03 06:40:25",120
5,4,4,5,6,6,4,6,6,4,5,5,3,8,4,4,7,4,3,4,0.5,"2024-06-04 06:40:43",121
5,7,2,6,6,5,4,4,3,5,1,2,5,5,4,5,3,10,5,5,0.455,"2024-06-02 06:39:44",122
2,3,4,7,8,2,5,2,4,9,9,4,6,5,9,7,6,8,3,4,0.57,"2024-06-04 06:40:43",123
6,5,6,6,6,5,7,4,4,4,8,6,5,4,4,6,5,3,4,6,0.52,"2024-06-04 06:40:43",124
3,8,7,1,6,1,4,4,3,4,0,4,8,3,2,3,1,4,1,7,0.415,"2024-06-04 06:40:43",125
5,6,5,4,5,7,3,1,8,6,4,4,5,10,2,8,5,4,4,6,0.51,"2024-06-05 06:41:15",126
3,6,5,2,6,7,5,8,5,8,6,5,3,5,5,4,8,6,6,4,0.57,"2024-06-03 06:40:25",127
2,4,9,3,8,5,2,5,2,5,7,1,5,4,8,4,5,7,5,7,0.49,"2024-06-05 06:41:15",128
6,6,2,4,9,5,4,6,4,5,6,5,6,7,5,5,4,7,1,5,0.55,"2024-06-03 06:40:25",129
3,4,5,6,6,3,5,5,8,6,4,6,3,5,5,5,3,7,5,3,0.475,"2024-06-05 06:41:15",130
4,6,6,8,1,6,5,8,8,5,1,5,2,3,4,4,3,5,7,4,0.52,"2024-06-03 06:40:25",131
3,3,4,4,4,9,10,5,7,3,10,7,5,7,4,4,7,3,4,8,0.59,"2024-06-06 06:46:44",132
7,1,4,4,8,8,5,3,5,3,7,5,6,6,5,6,3,4,8,4,0.55,"2024-06-04 06:40:43",133
7,4,3,5,5,4,5,8,5,5,4,6,4,5,5,5,9,5,7,3,0.525,"2024-06-02 06:39:44",134
4,4,0,3,2,2,4,5,6,1,8,3,7,2,8,3,4,3,9,1,0.415,"2024-06-03 06:40:25",135
7,6,3,4,5,8,4,4,4,7,4,4,5,6,4,3,10,5,3,8,0.535,"2024-06-06 06:46:44",136
4,5,6,1,5,7,5,5,4,4,9,5,5,6,3,7,5,3,6,3,0.475,"2024-06-04 06:40:43",137
3,2,3,5,7,4,5,4,7,5,2,0,5,8,6,3,8,5,10,5,0.475,"2024-06-05 06:41:15",138
4,7,8,4,5,6,5,8,3,3,6,6,8,4,5,1,7,7,3,5,0.535,"2024-06-05 06:41:15",139
4,9,1,5,3,1,4,5,5,4,4,3,2,2,6,4,4,3,3,9,0.4,"2024-06-04 06:40:43",140
5,6,2,6,4,3,5,6,9,5,5,7,5,7,4,9,3,5,5,4,0.555,"2024-06-05 06:41:15",141
7,6,4,2,3,6,5,3,5,2,4,5,5,4,4,5,7,8,10,2,0.49,"2024-06-04 06:40:43",142
6,1,1,4,8,5,7,5,4,7,6,5,4,1,3,5,5,3,4,4,0.43,"2024-06-06 06:46:44",143
0,5,4,0,4,4,5,2,2,5,6,4,6,4,4,6,3,4,3,4,0.365,"2024-06-03 06:40:25",144
5,4,4,3,7,4,3,3,7,3,4,5,4,5,6,2,7,9,5,6,0.48,"2024-06-03 06:40:25",145
8,10,3,3,3,3,10,6,4,9,4,6,5,4,6,6,4,6,5,8,0.6,"2024-06-04 06:40:43",146
6,4,5,3,3,3,2,8,7,4,4,5,3,6,3,13,6,7,3,2,0.51,"2024-06-05 06:41:15",147
5,8,5,9,7,7,7,1,7,4,8,5,2,3,3,7,5,6,5,9,0.57,"2024-06-02 06:39:44",148
8,7,6,4,9,4,2,3,7,5,2,5,4,6,4,6,5,6,4,7,0.525,"2024-06-06 06:46:44",149
4,4,1,7,5,6,6,6,4,5,7,4,2,2,6,5,8,4,5,6,0.485,"2024-06-04 06:40:43",150
5,3,4,9,6,7,6,4,5,3,7,4,4,3,8,4,6,2,5,5,0.505,"2024-06-05 06:41:15",151
8,6,7,5,4,4,4,4,5,10,8,6,4,4,5,2,3,4,6,6,0.53,"2024-06-04 06:40:43",152
10,6,6,5,5,4,4,2,2,9,7,5,3,3,2,5,3,3,7,7,0.53,"2024-06-06 06:46:44",153
3,6,6,3,5,5,5,3,5,5,4,5,6,5,7,9,8,4,6,10,0.565,"2024-06-03 06:40:25",154
5,2,9,5,7,6,9,3,4,5,5,5,8,7,9,3,4,4,3,6,0.57,"2024-06-02 06:39:44",155
7,3,5,5,7,5,3,6,11,8,5,7,1,6,3,6,3,6,4,7,0.565,"2024-06-06 06:46:44",156
5,3,10,4,5,4,5,5,4,8,5,5,2,4,5,4,9,3,7,7,0.52,"2024-06-04 06:40:43",157
5,7,6,7,4,4,4,7,2,5,3,5,5,4,2,1,9,9,6,5,0.515,"2024-06-05 06:41:15",158
6,10,6,3,4,4,9,8,5,5,3,3,3,3,7,4,10,9,2,3,0.545,"2024-06-05 06:41:15",159
4,4,2,3,2,5,6,2,5,5,5,1,7,6,7,6,4,8,4,5,0.505,"2024-06-04 06:40:43",160
4,7,4,2,6,6,5,6,5,5,6,9,4,7,3,3,3,8,5,6,0.525,"2024-06-04 06:40:43",161
3,4,5,2,3,7,7,6,3,4,5,5,3,7,7,8,7,1,6,6,0.495,"2024-06-03 06:40:25",162
6,3,1,7,4,5,6,5,4,5,6,4,4,4,9,8,3,4,3,3,0.445,"2024-06-06 06:46:44",163
4,4,2,3,5,5,7,9,7,8,4,7,4,7,1,8,5,5,6,5,0.545,"2024-06-05 06:41:15",164
3,5,2,5,3,3,6,0,2,7,4,7,9,6,2,1,9,9,7,5,0.47,"2024-06-06 06:46:44",165
7,3,1,5,4,5,1,5,9,4,5,13,3,6,2,8,4,6,4,5,0.53,"2024-06-05 06:41:15",166
3,4,2,5,7,5,6,6,3,4,7,4,4,3,5,6,6,1,8,8,0.475,"2024-06-03 06:40:25",167
4,7,3,4,8,4,6,5,5,7,3,4,4,4,6,11,7,6,3,5,0.555,"2024-06-06 06:46:44",168
4,3,9,7,8,2,6,3,8,4,7,3,4,2,5,6,2,3,4,7,0.465,"2024-06-04 06:40:43",169
8,5,8,5,2,5,4,2,6,4,8,4,3,7,4,3,6,5,6,4,0.495,"2024-06-05 06:41:15",170
6,2,7,4,3,6,4,4,3,5,6,5,3,10,2,5,2,8,4,6,0.515,"2024-06-03 06:40:25",171
10,5,4,1,9,7,6,1,7,3,2,5,4,2,5,5,6,5,1,3,0.455,"2024-06-04 06:40:43",172
2,9,3,4,8,6,5,4,5,4,5,3,5,3,6,0,4,8,3,10,0.485,"2024-06-03 06:40:25",173
4,10,4,5,4,12,10,3,5,3,6,7,5,4,5,6,4,2,7,4,0.56,"2024-06-03 06:40:25",174
8,5,8,8,4,8,6,4,3,6,5,5,3,5,4,2,4,4,7,8,0.56,"2024-06-05 06:41:15",175
4,7,8,5,5,5,4,3,4,3,6,3,4,5,7,7,9,4,5,7,0.555,"2024-06-05 06:41:15",176
5,6,5,4,5,2,10,3,5,6,4,2,4,4,7,7,4,4,7,3,0.51,"2024-06-06 06:46:44",177
4,3,3,3,6,4,3,2,3,2,5,5,4,0,3,5,5,4,9,4,0.38,"2024-06-04 06:40:43",178
1,7,3,7,6,0,4,3,3,4,10,9,7,4,1,0,5,5,9,5,0.445,"2024-06-04 06:40:43",179
3,8,4,9,4,6,9,6,6,3,9,2,4,5,7,4,4,3,6,3,0.555,"2024-06-06 06:46:44",180
8,3,1,2,3,7,3,4,6,7,5,2,5,6,4,5,6,3,4,6,0.46,"2024-06-01 06:37:15",181
3,4,8,9,8,3,1,3,3,7,8,2,5,8,7,4,6,4,5,3,0.54,"2024-06-05 06:41:15",182
4,6,6,7,4,3,3,8,3,5,5,2,5,3,8,4,7,4,3,3,0.48,"2024-06-06 06:46:44",183
3,9,4,1,6,6,4,1,4,2,6,6,5,7,5,9,4,7,8,8,0.535,"2024-06-04 06:40:43",184
4,4,7,3,4,5,3,2,4,5,5,2,6,7,4,3,5,4,6,8,0.505,"2024-06-04 06:40:43",185
6,4,5,4,5,7,3,5,5,2,5,4,3,8,4,6,3,6,9,4,0.49,"2024-06-04 06:40:43",186
4,6,5,6,5,3,8,5,4,5,6,8,5,4,2,6,5,5,5,5,0.525,"2024-06-06 06:46:44",187
3,5,7,3,3,3,7,10,6,6,5,5,7,2,7,4,7,4,10,3,0.54,"2024-06-04 06:40:43",188
4,5,2,5,7,7,8,7,4,5,3,3,6,5,9,3,5,4,5,4,0.54,"2024-06-06 06:46:44",189
6,3,4,2,5,3,6,10,2,6,2,7,1,6,4,8,5,5,4,3,0.485,"2024-06-06 06:46:44",190
6,6,5,7,5,5,3,5,5,5,3,5,3,5,5,8,6,8,5,6,0.595,"2024-06-01 06:37:15",191
6,6,4,3,9,5,5,4,9,7,5,2,4,4,4,3,6,6,4,4,0.505,"2024-06-05 06:41:15",192
2,4,8,4,4,8,4,5,9,1,3,5,3,3,7,2,6,5,8,8,0.515,"2024-06-04 06:40:43",193
6,5,5,6,6,5,4,5,6,4,8,3,8,5,3,5,2,3,5,3,0.475,"2024-06-06 06:46:44",194
9,4,5,7,7,5,4,5,8,2,5,5,4,5,4,6,3,4,4,9,0.53,"2024-06-04 06:40:43",195
3,4,2,5,4,4,4,2,5,4,2,4,3,5,3,3,4,3,4,4,0.415,"2024-06-04 06:40:43",196
2,5,4,5,3,4,3,5,6,8,6,4,6,4,4,9,5,2,5,6,0.5,"2024-06-06 06:46:44",197
0,4,2,6,2,1,5,1,5,6,2,5,9,7,8,2,4,2,4,5,0.415,"2024-06-06 06:46:44",198
6,5,5,6,6,5,8,5,6,2,2,8,5,5,7,2,5,7,8,4,0.545,"2024-06-05 06:41:15",199
5,7,0,7,8,4,6,2,10,9,10,4,2,7,1,5,4,1,6,1,0.515,"2024-06-05 06:41:15",200
5,2,4,8,5,4,4,4,5,4,4,3,3,7,7,5,6,5,4,8,0.465,"2024-06-04 06:40:43",201
5,2,1,7,4,3,4,3,6,1,5,2,4,5,0,6,2,3,3,4,0.34,"2024-06-04 06:40:43",202
4,3,1,3,4,5,6,8,3,4,3,0,9,2,3,3,7,1,1,2,0.415,"2024-06-04 06:40:43",203
3,5,5,4,5,6,5,10,4,3,5,6,5,2,3,4,6,6,5,8,0.515,"2024-06-05 06:41:15",204
6,7,2,6,7,6,4,4,4,3,6,0,4,3,6,1,1,3,3,7,0.395,"2024-06-06 06:46:44",205
6,6,6,4,3,7,2,6,5,4,2,7,4,3,6,5,2,4,4,3,0.425,"2024-06-06 06:46:44",206
4,6,3,3,7,2,9,7,6,4,7,2,5,5,3,6,2,4,1,4,0.425,"2024-06-03 06:40:25",207
3,7,3,6,2,4,7,4,1,6,3,3,6,5,4,4,4,4,2,6,0.42,"2024-06-05 06:41:15",208
5,3,4,9,5,4,4,2,8,2,4,6,6,6,4,5,4,6,4,8,0.495,"2024-06-06 06:46:44",209
6,7,2,2,3,6,6,3,4,13,2,5,5,2,1,7,7,3,4,3,0.495,"2024-06-05 06:41:15",210
4,3,4,6,5,8,2,8,6,4,2,5,4,6,4,10,8,11,6,5,0.585,"2024-06-05 06:41:15",211
5,8,4,5,7,5,3,8,3,4,1,5,4,5,3,4,5,6,5,4,0.49,"2024-06-04 06:40:43",212
8,4,11,6,5,5,5,4,5,4,5,5,4,5,5,3,4,4,6,6,0.535,"2024-06-04 06:40:43",213
8,4,6,4,4,3,6,3,5,4,2,6,6,4,9,4,3,7,3,5,0.5,"2024-06-05 06:41:15",214
2,7,5,7,7,5,4,7,2,4,8,4,5,2,4,2,9,6,7,2,0.515,"2024-06-04 06:40:43",215
7,4,4,5,2,6,2,4,9,10,5,5,8,7,5,3,10,5,6,2,0.57,"2024-06-04 06:40:43",216
2,7,4,3,2,10,5,6,6,6,3,10,5,3,4,0,3,4,6,6,0.47,"2024-06-03 06:40:25",217
5,2,8,5,4,5,2,4,5,5,2,9,2,7,3,4,6,4,5,5,0.505,"2024-06-01 06:37:15",218
2,2,8,6,6,4,3,4,3,3,3,5,6,7,5,10,4,10,3,5,0.52,"2024-06-06 06:46:44",219
6,8,6,3,4,4,4,4,4,9,5,6,0,2,8,3,3,4,7,8,0.475,"2024-06-06 06:46:44",220
5,6,7,5,3,3,7,6,7,4,8,4,3,5,3,4,4,9,4,9,0.555,"2024-06-03 06:40:25",221
3,5,10,3,5,4,3,3,6,4,5,6,2,5,5,3,9,4,9,5,0.495,"2024-06-05 06:41:15",222
8,3,2,4,3,9,5,5,8,5,6,3,2,1,8,0,7,6,5,5,0.47,"2024-06-04 06:40:43",223
5,5,3,4,4,4,6,8,8,2,3,3,5,9,6,3,3,7,4,4,0.465,"2024-06-06 06:46:44",224
3,2,6,6,8,3,5,8,3,9,2,5,4,5,5,9,4,6,5,2,0.555,"2024-06-04 06:40:43",225
5,6,5,5,5,2,5,7,2,6,7,8,2,2,5,5,5,4,5,8,0.505,"2024-06-06 06:46:44",226
7,3,6,4,8,3,5,3,7,7,8,2,4,2,6,4,4,4,5,2,0.445,"2024-06-05 06:41:15",227
4,9,6,7,3,7,5,7,2,5,5,5,2,5,6,6,2,4,3,7,0.505,"2024-06-04 06:40:43",228
2,4,6,7,4,8,3,4,6,7,6,6,3,4,5,10,4,4,5,4,0.525,"2024-06-04 06:40:43",229
5,4,5,2,7,4,4,8,5,4,3,5,6,5,2,6,3,6,7,5,0.465,"2024-06-06 06:46:44",230
6,5,9,7,6,5,3,2,4,6,4,6,2,5,3,4,9,8,3,2,0.515,"2024-06-05 06:41:15",231
5,5,7,10,7,8,3,4,3,9,5,6,3,4,5,3,6,3,4,3,0.52,"2024-06-05 06:41:15",232
3,7,5,5,6,3,3,3,4,6,7,2,7,7,10,2,6,4,3,6,0.515,"2024-06-05 06:41:15",233
3,3,4,3,5,4,3,6,4,6,3,5,5,4,9,5,9,2,8,3,0.45,"2024-06-04 06:40:43",234
5,6,4,5,6,4,6,7,4,4,4,4,8,2,2,7,9,8,5,7,0.54,"2024-06-06 06:46:44",235
5,4,7,4,3,4,6,5,4,5,7,5,3,2,4,9,3,11,3,7,0.54,"2024-06-06 06:46:44",236
4,3,5,5,1,2,4,5,3,3,9,5,5,2,1,9,9,4,8,4,0.455,"2024-06-06 06:46:44",237
4,5,4,4,9,6,6,5,2,7,3,7,7,6,7,2,5,5,3,2,0.495,"2024-06-04 06:40:43",238
5,3,7,6,6,4,3,7,2,1,5,10,5,3,8,4,5,3,6,4,0.5,"2024-06-07 06:47:04",239
8,6,7,3,5,7,5,1,4,4,8,7,5,2,2,5,5,5,5,7,0.505,"2024-06-05 06:41:15",240
6,3,4,7,6,5,4,6,5,5,2,8,4,8,4,4,2,4,5,8,0.505,"2024-06-05 06:41:15",241
2,7,2,8,4,5,2,6,5,6,8,3,5,4,4,4,4,8,4,6,0.51,"2024-06-06 06:46:44",242
5,4,7,6,3,10,9,0,5,5,4,4,7,7,3,6,3,5,3,4,0.505,"2024-06-05 06:41:15",243
4,2,3,5,8,6,5,5,7,6,4,6,3,3,4,4,3,3,5,6,0.455,"2024-06-01 06:37:15",244
3,5,8,3,2,3,7,2,4,11,5,8,5,7,4,6,6,5,7,6,0.54,"2024-06-07 06:47:04",245
7,5,3,2,8,1,5,4,6,5,9,8,5,6,5,4,5,8,5,8,0.55,"2024-06-02 06:39:44",246
7,4,6,4,8,6,2,5,8,5,3,5,2,6,6,2,7,2,5,3,0.465,"2024-06-04 06:40:43",247
8,2,4,6,5,7,4,5,6,7,3,6,9,3,5,7,5,4,4,3,0.525,"2024-06-06 06:46:44",248
4,7,4,10,6,7,6,0,6,7,0,7,1,7,9,10,3,2,6,6,0.525,"2024-06-03 06:40:25",249
4,6,1,6,7,5,4,5,6,7,5,8,5,6,7,1,5,3,11,7,0.55,"2024-06-06 06:46:44",250
7,4,1,5,3,2,1,3,7,5,7,7,7,7,6,4,3,5,8,5,0.475,"2024-06-07 06:47:04",251
4,6,9,3,0,10,7,3,6,7,5,5,4,4,6,4,3,7,7,6,0.545,"2024-06-04 06:40:43",252
10,2,4,7,4,3,2,5,9,1,6,7,10,10,3,4,4,7,4,4,0.545,"2024-06-06 06:46:44",253
2,7,5,6,10,8,7,3,3,5,7,4,7,7,6,8,8,1,4,5,0.575,"2024-06-05 06:41:15",254
6,6,1,6,7,1,4,6,3,11,5,4,8,8,3,5,4,4,5,6,0.55,"2024-06-05 06:41:15",255
3,4,4,9,4,4,3,7,7,4,6,4,4,9,7,4,4,5,11,4,0.545,"2024-06-06 06:46:44",256
4,3,9,9,4,1,4,5,9,6,4,4,4,5,3,6,5,3,7,3,0.475,"2024-06-02 06:39:44",257
3,4,2,6,6,2,3,5,4,2,7,7,2,12,2,2,7,7,6,5,0.445,"2024-06-06 06:46:44",258
5,3,6,5,4,5,8,5,4,4,5,7,4,6,6,1,3,3,4,4,0.445,"2024-06-04 06:40:43",259
3,7,2,6,6,3,2,3,3,2,6,9,5,2,5,4,5,8,8,5,0.515,"2024-06-02 06:38:55",260
3,3,5,6,4,8,7,5,3,5,8,3,6,8,4,5,4,5,3,3,0.53,"2024-06-04 06:40:43",261
6,6,10,7,2,7,8,4,5,7,6,5,2,5,4,4,4,6,4,3,0.56,"2024-06-06 06:46:44",262
2,9,1,8,4,3,8,3,4,7,4,4,6,4,7,7,8,4,4,11,0.565,"2024-06-04 06:40:43",263
8,3,5,3,3,3,6,5,4,3,5,3,4,8,5,8,2,8,3,6,0.52,"2024-06-04 06:40:43",264
6,4,6,9,7,4,7,4,3,4,8,4,4,6,6,5,6,6,7,5,0.565,"2024-06-07 06:47:04",265
6,7,3,6,3,5,2,5,4,4,6,5,3,5,4,6,6,10,6,4,0.555,"2024-06-05 06:41:15",266
7,6,3,6,5,4,2,3,4,2,6,10,1,11,6,5,7,4,8,0,0.555,"2024-06-06 06:46:44",267
5,10,9,3,4,9,4,6,6,7,5,4,7,3,5,6,3,7,6,2,0.565,"2024-06-06 06:46:44",268
7,4,7,4,4,5,7,5,5,3,6,6,8,6,6,6,4,5,3,6,0.56,"2024-06-04 06:40:43",269
10,2,1,5,7,4,3,6,3,7,3,2,8,4,8,2,7,5,5,4,0.48,"2024-06-02 06:39:44",270
5,3,4,5,7,5,9,5,4,4,0,5,5,7,4,8,3,4,2,1,0.495,"2024-06-04 06:40:43",271
3,4,5,0,9,3,2,5,6,5,5,9,9,4,3,3,8,8,3,3,0.5,"2024-06-05 06:41:15",272
3,6,5,3,3,6,2,4,7,4,5,4,6,5,2,7,6,5,8,4,0.47,"2024-06-03 06:40:25",273
4,4,1,5,3,4,5,6,3,7,3,7,8,4,1,5,6,4,5,4,0.45,"2024-06-05 06:41:15",274
3,5,3,8,7,8,3,2,4,10,7,5,3,3,6,0,2,6,2,5,0.485,"2024-06-04 06:40:43",275
6,2,5,6,3,7,3,6,4,5,6,9,4,4,4,3,7,7,3,6,0.53,"2024-06-06 06:46:44",276
7,4,5,4,4,2,4,6,6,4,4,6,6,2,4,7,7,8,3,0,0.48,"2024-06-02 06:38:55",277
3,5,6,8,4,5,3,3,3,2,4,3,4,6,5,9,4,2,4,3,0.41,"2024-06-06 06:46:44",278
1,6,7,6,5,8,4,7,3,2,4,5,6,2,5,3,3,4,6,4,0.455,"2024-06-03 06:40:25",279
8,5,4,8,3,4,5,6,3,2,4,3,5,7,4,3,7,3,4,6,0.445,"2024-06-04 06:40:43",280
1,3,4,6,2,4,5,2,5,6,4,5,4,7,5,3,5,9,6,6,0.505,"2024-06-05 06:41:15",281
4,4,7,5,3,6,2,4,5,6,6,5,3,1,5,8,3,8,3,3,0.455,"2024-06-04 06:40:43",282
4,3,5,5,9,9,4,8,4,4,4,6,4,6,3,5,5,4,4,9,0.535,"2024-06-05 06:41:15",283
2,5,7,3,4,8,8,4,5,5,7,1,7,6,5,7,6,4,3,8,0.535,"2024-06-07 06:47:04",284
6,4,4,0,4,11,8,6,5,3,5,2,4,5,4,4,5,4,3,4,0.435,"2024-06-03 06:40:25",285
2,5,4,3,5,4,6,8,2,2,5,2,5,6,4,7,5,2,5,9,0.495,"2024-06-06 06:46:44",286
5,4,5,7,7,6,5,6,2,3,7,8,3,6,7,6,3,5,5,6,0.555,"2024-06-05 06:41:15",287
3,2,3,5,3,4,2,7,5,5,4,9,5,4,6,3,5,4,6,9,0.45,"2024-06-05 06:41:15",288
4,1,8,7,2,3,2,2,5,5,8,5,8,6,2,5,4,3,5,5,0.495,"2024-06-03 06:40:25",289
3,5,3,13,7,2,0,3,0,4,7,4,4,5,12,7,2,3,3,5,0.485,"2024-06-06 06:46:44",290
3,7,4,4,3,10,4,2,3,6,6,5,8,3,5,3,4,2,7,5,0.445,"2024-06-06 06:46:44",291
8,3,1,4,5,9,3,7,9,6,3,2,3,3,9,6,6,0,1,7,0.51,"2024-06-04 06:40:43",292
6,5,5,8,3,1,3,6,5,7,5,4,4,6,3,11,1,4,5,2,0.47,"2024-06-02 06:38:55",293
6,4,2,6,4,8,6,6,4,5,4,4,3,4,3,4,5,5,6,5,0.445,"2024-06-04 06:40:43",294
5,3,5,4,6,8,5,5,5,3,5,4,5,5,4,5,5,8,4,4,0.5,"2024-06-05 06:41:15",295
6,4,4,5,5,6,5,5,6,7,5,4,3,9,4,7,4,7,5,8,0.58,"2024-06-07 06:47:04",296
2,2,6,1,6,6,5,4,8,3,10,5,5,7,5,3,3,8,7,6,0.55,"2024-06-05 06:41:15",297
7,3,7,3,5,1,4,9,10,6,1,7,4,3,3,6,0,9,5,4,0.485,"2024-06-04 06:40:43",298
8,1,3,3,4,9,9,2,5,3,7,3,5,4,5,3,10,2,7,4,0.475,"2024-06-06 06:46:44",299
8,4,7,4,5,4,5,11,5,4,3,5,5,6,4,5,4,8,4,9,0.58,"2024-06-06 06:46:44",300
6,6,2,10,3,4,5,3,10,5,4,4,5,3,5,9,6,4,3,8,0.555,"2024-06-04 06:40:43",301
2,4,4,5,4,10,7,5,4,4,6,6,10,3,2,6,4,4,3,6,0.52,"2024-06-05 06:41:15",302
4,6,2,5,3,2,11,3,7,8,4,5,5,3,9,6,3,2,2,9,0.515,"2024-06-04 06:40:43",303
5,6,8,3,5,6,4,6,4,5,4,2,3,4,5,5,1,5,5,6,0.51,"2024-06-02 06:38:55",304
5,5,3,1,1,6,4,6,3,5,3,0,6,4,1,3,2,6,3,5,0.415,"2024-06-06 06:46:44",305
5,4,6,5,7,9,5,6,3,6,7,4,3,4,8,4,6,6,4,5,0.56,"2024-06-05 06:41:15",306
8,6,2,6,5,5,4,7,1,4,4,5,6,5,5,4,5,4,4,3,0.48,"2024-06-03 06:40:25",307
5,4,4,7,1,5,6,8,8,10,6,2,3,7,4,8,5,2,6,4,0.53,"2024-06-04 06:40:43",308
5,6,8,5,6,5,4,8,6,2,6,4,4,8,8,4,8,5,5,4,0.575,"2024-06-07 06:47:04",309
2,9,3,6,5,5,3,3,7,5,4,2,6,7,2,2,6,4,3,5,0.44,"2024-06-04 06:40:43",310
4,4,5,3,2,9,3,8,4,5,3,5,6,6,7,7,2,5,5,4,0.475,"2024-06-06 06:46:44",311
5,3,0,5,10,6,8,5,3,5,6,1,8,3,4,3,7,2,4,4,0.485,"2024-06-02 06:38:55",312
7,6,4,7,4,5,2,3,8,5,5,4,7,4,6,2,3,7,4,3,0.465,"2024-06-05 06:41:15",313
8,4,3,3,3,6,4,6,2,7,5,3,4,4,5,5,5,7,4,2,0.46,"2024-06-06 06:46:44",314
6,5,5,5,8,4,2,6,4,2,3,5,6,7,5,3,5,5,0,7,0.46,"2024-06-06 06:46:44",315
1,8,8,8,4,8,2,6,3,4,5,5,5,5,2,9,3,1,9,4,0.555,"2024-06-03 06:40:25",316
4,2,3,5,6,3,5,7,7,6,4,7,3,3,5,4,3,6,10,4,0.475,"2024-06-06 06:46:44",317
5,4,8,4,5,3,4,2,5,1,7,11,3,4,4,3,6,3,2,3,0.44,"2024-06-06 06:46:44",318
2,4,2,1,5,5,8,5,4,5,5,8,2,3,5,4,8,7,7,6,0.48,"2024-06-04 06:40:43",319
3,5,8,1,2,3,7,8,4,6,5,5,3,3,8,5,3,2,3,8,0.505,"2024-06-06 06:46:44",320
4,5,3,3,5,6,4,9,4,4,4,3,8,8,3,7,4,4,5,5,0.485,"2024-06-06 06:46:44",321
5,6,8,3,6,5,5,3,5,7,2,4,2,4,6,4,6,4,3,2,0.43,"2024-06-02 06:38:55",322
5,8,6,7,10,3,2,3,5,5,6,4,3,5,8,2,6,13,9,3,0.575,"2024-06-05 06:41:15",323
3,3,6,7,6,7,5,6,5,3,8,4,5,2,5,3,4,7,6,5,0.53,"2024-06-07 06:47:04",324
5,7,6,7,6,5,3,6,5,4,2,5,9,3,6,4,3,6,7,4,0.525,"2024-06-02 06:38:55",325
5,8,5,5,2,8,5,3,3,4,7,6,2,6,7,8,5,3,8,5,0.545,"2024-06-06 06:46:44",326
2,7,6,9,6,5,2,7,5,6,5,9,2,2,3,8,4,9,3,5,0.595,"2024-06-04 06:40:43",327
2,6,3,2,6,3,5,5,6,5,6,3,4,7,8,7,0,5,6,3,0.505,"2024-06-05 06:41:15",328
4,1,8,3,7,0,5,3,8,9,4,4,5,3,3,6,4,6,4,5,0.515,"2024-06-02 06:38:55",329
4,5,6,2,9,4,4,3,9,4,4,4,3,1,7,7,6,1,5,11,0.495,"2024-06-06 06:46:44",330
6,4,5,1,1,7,3,2,5,9,5,4,6,2,5,5,8,5,9,4,0.465,"2024-06-06 06:46:44",331
5,9,4,10,8,4,4,4,6,4,7,6,5,3,10,1,4,2,8,7,0.585,"2024-06-07 06:47:04",332
8,6,6,0,6,8,3,2,3,5,1,4,5,2,8,3,4,2,5,3,0.41,"2024-06-04 06:40:43",333
8,5,8,4,5,6,5,2,6,7,6,6,3,1,4,4,4,5,3,4,0.48,"2024-06-06 06:46:44",334
2,7,4,3,4,3,5,3,7,6,4,1,8,2,4,5,4,2,6,5,0.42,"2024-06-06 06:46:44",335
10,3,7,3,5,6,7,3,3,3,4,4,7,7,4,6,5,9,11,4,0.59,"2024-06-06 06:46:44",336
6,5,5,7,5,4,3,7,8,3,5,4,4,4,6,3,3,2,4,5,0.48,"2024-06-07 06:47:04",337
4,7,9,5,9,5,4,4,7,5,5,7,3,4,5,4,6,6,5,2,0.555,"2024-06-07 06:47:04",338
9,3,7,7,4,2,2,1,12,3,4,3,3,8,7,4,5,8,3,8,0.52,"2024-06-04 06:40:43",339
3,4,5,5,5,5,5,1,5,6,8,5,5,4,7,4,7,4,6,6,0.53,"2024-06-05 06:41:15",340
5,7,8,4,2,0,7,7,6,7,7,11,9,4,5,3,2,4,1,3,0.525,"2024-06-06 06:46:44",341
5,7,2,3,3,3,8,3,7,3,5,4,3,5,7,2,3,6,6,5,0.425,"2024-06-07 06:47:04",342
3,4,7,5,6,3,8,9,4,5,3,2,7,3,5,5,5,7,2,8,0.505,"2024-06-06 06:46:44",343
6,3,2,5,9,4,7,5,3,4,5,7,4,8,4,5,8,5,3,3,0.54,"2024-06-03 06:40:25",344
6,4,6,8,8,4,7,4,10,4,3,3,3,1,3,2,2,5,3,5,0.435,"2024-06-04 06:40:43",345
6,7,3,7,3,8,3,2,5,5,4,5,4,4,9,6,6,7,8,5,0.56,"2024-06-06 06:46:44",346
9,2,3,4,7,3,3,4,0,5,7,4,5,7,8,8,4,7,5,3,0.485,"2024-06-06 06:46:44",347
3,4,5,6,5,6,3,6,2,8,6,7,6,3,3,9,4,6,3,4,0.495,"2024-06-04 06:40:43",348
4,5,5,1,8,0,5,5,8,6,4,9,5,2,4,5,3,2,5,4,0.425,"2024-06-04 06:40:43",349
8,5,2,4,2,7,12,4,3,6,4,5,9,5,3,6,2,2,6,3,0.495,"2024-06-03 06:40:25",350
3,5,5,2,7,6,4,7,5,8,6,6,5,5,5,5,7,7,6,5,0.57,"2024-06-03 06:40:25",351
7,4,1,2,7,6,8,5,5,7,3,7,2,9,3,4,7,5,6,8,0.545,"2024-06-04 06:40:43",352
5,7,3,6,3,5,1,5,5,7,8,2,5,2,1,5,4,3,8,6,0.455,"2024-06-04 06:40:43",353
2,8,5,5,4,6,5,4,4,3,3,7,4,8,4,4,4,2,6,7,0.47,"2024-06-06 06:46:44",354
7,2,2,5,4,5,2,4,4,4,3,2,4,5,5,6,3,7,3,4,0.4,"2024-06-03 06:40:25",355
2,2,5,5,2,6,7,5,4,7,10,5,8,4,8,4,2,5,6,9,0.555,"2024-06-04 06:40:43",356
6,7,1,8,2,2,6,1,5,6,6,4,8,5,5,4,3,3,7,4,0.49,"2024-06-04 06:40:43",357
3,4,6,4,5,7,5,7,4,3,8,4,8,9,5,7,5,4,4,5,0.56,"2024-06-02 06:38:55",358
5,4,5,4,3,3,4,1,3,6,3,8,8,9,5,6,4,2,8,4,0.515,"2024-06-04 06:40:43",359
6,7,4,9,6,3,3,2,4,5,6,3,7,6,7,3,4,3,8,4,0.505,"2024-06-03 06:40:25",360
1,8,2,6,1,5,5,4,4,6,6,5,7,2,6,2,10,5,6,5,0.48,"2024-06-03 06:40:25",361
4,4,9,3,5,4,4,2,5,6,4,4,5,6,2,4,7,3,4,5,0.405,"2024-06-06 06:46:44",362
4,6,5,9,7,4,3,6,5,3,8,2,5,7,6,5,6,5,5,5,0.555,"2024-06-02 06:38:55",363
4,3,6,2,8,4,7,3,4,3,8,4,5,4,8,2,8,5,5,5,0.475,"2024-06-04 06:40:43",364
4,3,4,6,5,2,7,5,7,3,4,3,4,7,1,9,6,5,14,9,0.5,"2024-06-07 06:47:04",365
5,2,5,4,2,5,3,4,1,5,4,2,1,3,8,3,4,8,2,3,0.415,"2024-06-04 06:40:43",366
4,6,6,5,8,6,4,6,7,3,8,7,3,9,3,4,3,3,4,5,0.525,"2024-06-07 06:47:04",367
5,4,7,4,9,6,5,5,4,6,7,5,6,5,4,6,4,10,3,6,0.59,"2024-06-03 06:40:25",368
3,3,3,6,7,6,3,7,1,9,4,1,9,7,3,6,3,4,7,7,0.53,"2024-06-05 06:41:15",369
2,5,5,5,3,6,8,2,7,3,7,7,5,4,1,3,4,2,3,3,0.42,"2024-06-05 06:41:15",370
6,4,11,6,4,8,3,2,4,5,3,3,3,4,7,4,6,4,6,2,0.47,"2024-06-04 06:40:43",371
5,4,4,6,7,4,4,6,4,5,3,8,7,2,5,6,3,4,5,5,0.475,"2024-06-06 06:46:44",372
3,5,4,6,4,4,2,6,6,11,8,5,4,3,3,6,6,8,6,6,0.555,"2024-06-07 06:47:04",373
4,7,5,8,5,7,5,3,5,5,5,4,4,3,8,6,8,5,4,5,0.555,"2024-06-02 06:38:55",374
4,3,7,6,3,10,6,6,5,3,7,4,9,5,5,4,6,4,4,8,0.58,"2024-06-07 06:47:04",375
4,2,12,4,9,2,8,2,5,1,5,5,5,4,5,6,2,4,4,8,0.475,"2024-06-05 06:41:15",376
4,4,4,6,4,7,4,5,7,10,3,3,5,6,6,5,9,4,3,1,0.54,"2024-06-05 06:41:15",377
6,8,5,6,7,7,3,7,8,2,5,6,1,8,5,6,6,5,8,8,0.6,"2024-06-06 06:46:44",378
4,5,6,3,5,5,4,6,7,4,3,6,6,1,3,4,4,5,12,4,0.49,"2024-06-06 06:46:44",379
6,4,8,3,7,8,4,2,0,6,6,6,5,4,4,1,2,4,4,7,0.495,"2024-06-03 06:40:25",380
4,4,4,4,6,3,5,7,2,5,7,5,6,3,5,4,1,8,3,6,0.47,"2024-06-07 06:47:04",381
4,5,4,6,5,5,5,5,5,1,4,3,5,10,4,1,7,4,4,5,0.455,"2024-06-06 06:46:44",382
3,5,1,5,9,8,4,3,7,3,4,1,6,3,7,4,5,5,6,5,0.49,"2024-06-02 06:39:44",383
3,8,7,4,3,4,3,2,6,5,10,8,4,4,5,5,4,4,11,8,0.55,"2024-06-06 06:46:44",384
5,2,7,5,5,3,2,2,8,4,11,3,3,6,9,4,8,3,5,5,0.53,"2024-06-06 06:46:44",385
3,2,7,4,4,7,1,6,3,3,9,4,10,5,4,8,5,5,4,2,0.48,"2024-06-05 06:41:15",386
2,2,6,5,7,4,3,4,4,7,7,9,5,7,6,10,8,6,8,5,0.6,"2024-06-05 06:41:15",387
5,5,6,6,10,6,6,6,5,6,7,6,4,4,4,6,3,4,4,4,0.54,"2024-06-07 06:47:04",388
3,4,3,6,6,3,5,4,3,4,3,4,1,8,4,4,3,7,8,3,0.43,"2024-06-04 06:40:43",389
7,3,6,3,8,6,5,6,6,11,4,5,7,8,4,7,3,6,7,10,0.635,"2024-06-06 06:46:44",390
5,2,6,7,4,5,3,5,5,4,10,3,6,4,4,7,6,5,4,2,0.475,"2024-06-03 06:40:25",391
7,9,7,5,3,2,11,2,5,3,4,8,2,6,4,8,2,3,3,2,0.5,"2024-06-07 06:47:04",392
3,7,7,2,7,4,0,7,2,5,6,4,4,9,2,5,4,4,8,6,0.465,"2024-06-05 06:41:15",393
4,4,5,2,3,8,4,7,4,7,5,4,5,5,1,6,6,10,3,5,0.49,"2024-06-07 06:47:04",394
6,4,7,5,3,3,11,5,4,4,7,4,4,9,7,3,3,5,4,5,0.525,"2024-06-06 06:46:44",395
3,6,7,9,5,6,7,5,1,5,0,9,4,6,8,5,2,6,5,6,0.545,"2024-06-05 06:41:15",396
6,5,4,3,2,3,2,4,2,3,1,6,6,8,5,6,2,7,3,6,0.405,"2024-06-02 06:39:44",397
8,3,2,4,4,7,6,5,6,3,9,3,3,4,4,4,4,8,4,4,0.47,"2024-06-06 06:46:44",398
4,3,10,5,1,5,5,2,6,7,9,4,3,2,5,6,6,2,6,3,0.45,"2024-06-07 06:47:04",399
4,5,4,6,5,5,6,8,9,4,3,4,5,6,7,9,9,2,8,2,0.575,"2024-06-06 06:46:44",400
1,2,6,4,4,6,3,4,1,5,4,6,5,6,2,8,7,8,4,5,0.455,"2024-06-06 06:46:44",401
5,6,8,4,4,6,8,2,7,6,4,4,4,6,5,2,4,3,4,7,0.515,"2024-06-07 06:47:04",402
6,4,5,4,3,4,7,3,3,5,4,5,3,8,4,5,8,4,4,5,0.445,"2024-06-02 06:39:44",403
6,12,3,3,7,3,3,5,5,5,1,6,6,6,6,3,3,5,7,5,0.505,"2024-06-05 06:41:15",404
8,11,5,3,4,2,5,6,4,2,4,5,5,3,4,4,6,5,4,5,0.47,"2024-06-07 06:47:04",405
5,6,3,6,10,4,1,7,5,3,5,4,6,8,4,6,4,4,1,4,0.49,"2024-06-03 06:40:25",406
6,5,9,6,7,5,8,7,2,5,2,5,5,7,3,6,2,6,7,2,0.535,"2024-06-04 06:40:43",407
11,8,7,4,3,4,4,2,6,4,8,4,6,9,3,3,4,6,4,0,0.515,"2024-06-06 06:46:44",408
8,5,3,3,4,8,4,10,5,3,4,2,9,5,1,3,1,9,3,9,0.515,"2024-06-07 06:47:04",409
7,3,5,3,2,3,3,5,9,3,5,3,6,7,3,5,6,10,4,8,0.505,"2024-06-06 06:46:44",410
4,4,4,3,2,6,6,4,5,9,5,6,4,5,4,4,2,7,3,2,0.44,"2024-06-05 06:41:15",411
5,4,6,6,3,3,6,6,5,6,2,2,8,2,5,6,3,3,4,5,0.46,"2024-06-05 06:41:15",412
3,4,1,10,9,3,6,5,2,3,4,8,8,8,3,1,3,2,7,4,0.51,"2024-06-07 06:47:04",413
4,9,4,3,8,7,3,2,2,8,8,1,2,8,3,5,4,2,4,6,0.46,"2024-06-06 06:46:44",414
8,6,7,8,10,5,4,7,2,6,5,7,5,4,3,4,3,9,4,4,0.575,"2024-06-07 06:47:04",415
6,3,7,9,7,7,3,5,4,6,1,4,2,6,6,5,5,4,5,4,0.515,"2024-06-07 06:47:04",416
6,2,5,9,5,3,4,6,2,4,7,5,3,1,7,1,7,6,5,9,0.48,"2024-06-06 06:46:44",417
5,7,5,8,4,4,2,3,7,3,4,2,2,4,3,5,5,7,5,4,0.45,"2024-06-08 06:47:22",418
4,2,5,3,4,6,2,5,4,4,5,6,6,10,2,4,7,7,10,6,0.525,"2024-06-05 06:41:15",419
7,6,6,2,4,10,5,2,2,8,4,3,3,5,8,3,3,3,5,1,0.425,"2024-06-09 06:47:51",420
3,5,5,9,5,6,2,5,3,6,3,3,2,3,6,5,4,6,4,8,0.455,"2024-06-04 06:40:43",421
4,2,8,4,5,8,10,0,4,3,6,0,4,5,3,10,8,5,5,3,0.465,"2024-06-07 06:47:04",422
5,5,5,8,5,6,10,4,4,5,5,3,6,4,1,5,2,6,5,6,0.555,"2024-06-05 06:41:15",423
6,9,4,7,3,9,3,7,3,6,3,3,5,5,3,3,6,7,3,6,0.54,"2024-06-08 06:47:22",424
6,4,3,3,2,10,4,5,4,5,5,7,2,6,6,3,3,4,4,4,0.46,"2024-06-07 06:47:04",425
5,3,7,4,6,7,5,3,5,3,4,2,5,5,3,11,6,4,7,4,0.495,"2024-06-08 06:47:22",426
9,6,3,5,2,3,8,4,9,8,3,8,5,8,4,5,5,10,5,2,0.595,"2024-06-05 06:41:15",427
2,5,4,5,7,6,5,7,6,9,3,5,6,3,4,11,7,5,5,11,0.6,"2024-06-07 06:47:04",428
5,7,5,4,4,4,4,5,6,5,5,3,5,7,5,7,6,7,8,3,0.535,"2024-06-07 06:47:04",429
7,2,3,4,4,3,6,3,5,3,4,4,7,5,10,6,4,3,4,6,0.48,"2024-06-09 06:47:51",430
4,5,3,3,6,5,6,3,4,5,9,2,4,2,5,7,6,6,6,6,0.465,"2024-06-06 06:46:44",431
6,4,6,4,4,3,4,6,5,3,4,6,3,5,6,8,2,6,4,6,0.47,"2024-06-05 06:41:15",432
1,2,5,6,8,5,6,5,3,5,9,0,7,4,5,9,5,4,9,9,0.545,"2024-06-07 06:47:04",433
8,8,5,2,8,5,1,2,5,3,7,7,6,9,4,6,7,5,8,10,0.59,"2024-06-07 06:47:04",434
5,5,4,9,2,6,5,2,8,6,5,4,6,4,8,3,5,6,5,12,0.565,"2024-06-08 06:47:22",435
5,4,7,2,5,6,6,4,5,2,3,10,6,9,4,2,4,2,5,5,0.48,"2024-06-08 06:47:22",436
6,1,5,8,4,6,4,3,10,5,5,3,5,3,3,6,6,4,5,5,0.51,"2024-06-09 06:47:51",437
7,2,4,4,5,2,4,3,9,4,7,4,8,5,3,5,4,7,5,7,0.515,"2024-06-07 06:47:04",438
7,5,5,4,8,4,3,2,1,5,3,8,6,6,4,5,4,1,5,5,0.455,"2024-06-07 06:47:04",439
7,7,4,3,2,6,4,5,6,5,7,5,7,2,3,8,4,2,4,5,0.465,"2024-06-08 06:47:22",440
7,5,3,0,10,5,5,3,4,9,7,6,2,6,3,4,3,6,5,4,0.51,"2024-06-07 06:47:04",441
9,8,6,6,2,5,5,5,7,10,8,8,7,5,7,5,3,8,6,6,0.64,"2024-06-07 06:47:04",442
4,8,3,7,4,6,4,4,4,4,8,4,2,5,5,5,5,1,9,1,0.51,"2024-06-07 06:47:04",443
4,3,3,6,4,4,6,1,4,5,5,6,8,2,4,5,8,6,6,2,0.47,"2024-06-07 06:47:04",444
5,6,0,4,8,7,3,4,5,2,2,11,10,3,6,9,8,2,5,5,0.535,"2024-06-07 06:47:04",445
6,0,5,2,9,6,4,3,8,4,5,7,7,7,11,3,4,5,1,8,0.53,"2024-06-08 06:47:22",446
6,8,6,5,2,5,4,3,2,6,4,3,4,3,5,3,4,4,5,5,0.44,"2024-06-09 06:47:51",447
5,4,5,3,6,5,6,3,2,2,7,4,4,8,10,7,2,4,5,5,0.5,"2024-06-05 06:41:15",448
6,6,1,2,5,4,3,3,10,8,3,6,2,3,6,4,7,6,8,4,0.5,"2024-06-07 06:47:04",449
5,5,5,7,3,7,8,5,8,5,5,2,9,5,8,1,6,3,5,3,0.535,"2024-06-08 06:47:22",450
5,5,5,5,5,3,7,1,1,4,3,6,6,5,7,6,9,7,5,12,0.54,"2024-06-09 06:47:51",451
7,5,9,2,5,7,4,6,2,7,10,6,4,5,8,2,4,5,7,2,0.545,"2024-06-07 06:47:04",452
4,1,3,7,9,1,7,3,5,4,3,6,9,6,3,7,9,6,8,3,0.55,"2024-06-07 06:47:04",453
2,3,8,5,6,3,2,3,1,8,2,5,7,3,3,9,7,7,6,2,0.44,"2024-06-10 06:48:09",454
5,4,2,4,4,5,7,5,2,9,7,4,4,8,2,6,7,2,7,3,0.5,"2024-06-07 06:47:04",455
5,4,4,2,11,3,8,1,7,6,4,5,3,5,3,7,5,6,3,4,0.52,"2024-06-08 06:47:22",456
5,12,7,5,7,4,5,4,2,2,4,12,5,4,9,7,9,6,9,5,0.63,"2024-06-08 06:47:22",457
3,1,7,6,3,4,4,3,2,5,2,5,3,5,5,3,5,5,7,6,0.41,"2024-06-09 06:47:51",458
6,8,4,1,2,5,5,6,7,3,7,4,5,7,4,4,3,7,5,4,0.465,"2024-06-07 06:47:04",459
8,9,3,6,4,4,6,6,5,3,4,5,6,6,3,5,4,3,8,8,0.555,"2024-06-05 06:41:15",460
7,4,0,4,4,2,6,6,6,2,4,5,4,5,6,12,3,3,6,3,0.47,"2024-06-08 06:47:22",461
4,2,4,5,4,4,4,5,3,6,5,5,7,4,9,7,4,5,5,7,0.52,"2024-06-07 06:47:04",462
5,8,3,4,6,5,2,4,6,8,4,7,6,6,3,7,8,8,3,3,0.555,"2024-06-07 06:47:04",463
7,3,2,2,7,3,7,5,4,5,4,3,2,6,6,9,4,5,7,8,0.495,"2024-06-07 06:47:04",464
4,3,3,5,3,6,8,5,5,4,4,5,5,5,4,4,6,2,6,5,0.435,"2024-06-07 06:47:04",465
8,2,6,3,5,4,5,4,5,5,6,4,5,6,5,4,4,5,3,8,0.51,"2024-06-08 06:47:22",466
5,5,4,5,7,8,5,4,6,11,8,6,3,3,4,5,5,4,5,4,0.5,"2024-06-08 06:47:22",467
4,2,4,4,6,5,7,5,4,3,3,4,4,7,6,3,9,5,6,6,0.475,"2024-06-07 06:47:04",468
4,4,7,6,7,5,9,5,4,6,2,4,6,4,5,5,5,6,4,2,0.54,"2024-06-08 06:47:22",469
9,8,3,4,5,8,5,5,6,5,4,4,7,6,3,5,4,7,4,3,0.53,"2024-06-08 06:47:22",470
5,5,5,5,2,3,3,4,6,5,3,7,6,8,3,3,9,1,4,5,0.455,"2024-06-07 06:47:04",471
4,6,8,3,6,2,2,5,6,5,4,7,5,7,6,2,3,3,4,6,0.51,"2024-06-08 06:47:22",472
6,7,4,4,4,4,5,3,3,3,4,3,5,5,8,6,5,5,4,4,0.515,"2024-06-08 06:47:22",473
4,6,6,3,4,5,4,5,2,7,9,3,7,6,2,3,5,5,2,5,0.455,"2024-06-07 06:47:04",474
3,5,6,7,6,1,6,11,12,3,6,3,2,2,5,3,6,3,8,5,0.52,"2024-06-05 06:41:15",475
2,5,5,5,5,3,4,2,5,5,5,5,7,6,6,8,5,8,5,4,0.555,"2024-06-08 06:47:22",476
5,5,5,5,3,9,6,4,2,2,2,3,2,9,7,2,4,7,3,7,0.515,"2024-06-07 06:47:04",477
7,6,5,7,4,5,4,5,9,4,3,5,8,3,5,3,8,3,3,5,0.51,"2024-06-07 06:47:04",478
5,4,5,4,2,6,3,6,4,2,3,4,8,6,3,5,9,7,5,4,0.47,"2024-06-10 06:48:09",479
7,4,4,8,7,4,2,3,5,6,1,5,4,7,7,6,5,4,4,7,0.505,"2024-06-07 06:47:04",480
6,4,7,3,4,5,1,8,10,1,4,5,2,6,4,6,4,6,2,4,0.47,"2024-06-09 06:47:51",481
9,5,7,4,4,5,5,4,4,6,5,8,3,5,2,4,4,5,5,5,0.495,"2024-06-08 06:47:22",482
1,8,3,6,6,7,6,1,4,3,1,7,9,5,2,3,12,3,6,6,0.52,"2024-06-08 06:47:22",483
6,5,9,5,4,4,5,7,4,3,3,5,4,6,6,5,0,5,3,4,0.51,"2024-06-07 06:47:04",484
8,2,3,4,0,2,3,8,7,4,7,6,8,6,1,6,7,3,8,5,0.5,"2024-06-07 06:47:04",485
7,8,4,6,4,3,3,7,2,2,3,6,5,7,2,8,6,3,6,5,0.51,"2024-06-10 06:48:09",486
7,4,3,7,4,4,4,7,5,4,9,7,3,6,2,2,3,6,3,10,0.53,"2024-06-08 06:47:22",487
4,4,7,4,5,4,5,7,5,3,4,8,6,5,4,5,4,2,9,4,0.495,"2024-06-07 06:47:04",488
7,6,4,5,2,4,6,3,5,7,5,8,4,3,6,7,8,6,3,6,0.545,"2024-06-05 06:41:15",489
3,3,5,3,7,5,6,5,9,8,4,3,4,5,4,6,7,5,3,3,0.49,"2024-06-08 06:47:22",490
8,4,6,4,4,6,5,8,2,4,6,6,5,8,5,4,8,12,7,4,0.61,"2024-06-09 06:47:51",491
2,7,5,6,2,3,7,5,4,2,6,8,5,5,8,3,7,2,7,6,0.53,"2024-06-08 06:47:22",492
2,5,4,2,6,5,8,3,4,5,3,2,7,5,5,4,5,3,3,8,0.45,"2024-06-10 06:48:09",493
3,3,7,7,5,8,6,6,6,5,8,4,3,3,7,7,7,4,4,5,0.565,"2024-06-10 06:48:09",494
6,7,4,2,6,4,5,6,4,4,3,3,4,7,8,3,4,5,6,4,0.46,"2024-06-09 06:47:51",495
4,8,4,3,5,5,5,3,3,5,7,5,7,4,5,4,8,6,6,15,0.57,"2024-06-08 06:47:22",496
8,5,4,1,2,2,7,5,3,6,2,4,7,9,3,5,0,5,11,8,0.475,"2024-06-08 06:47:22",497
8,8,8,6,8,4,8,3,4,1,5,3,6,4,5,1,5,2,3,1,0.46,"2024-06-07 06:47:04",498
8,3,2,4,7,5,6,4,2,9,7,5,4,7,3,4,4,2,6,6,0.49,"2024-06-09 06:47:51",499
4,5,5,5,2,3,7,2,5,4,7,5,1,5,5,7,7,3,3,2,0.43,"2024-06-09 06:47:51",500
7,8,7,6,8,5,4,4,6,4,3,5,6,4,5,5,5,3,6,4,0.595,"2024-06-08 06:47:22",501
4,6,6,5,6,3,4,5,6,4,5,7,7,4,8,4,5,4,5,6,0.525,"2024-06-07 06:47:04",502
3,9,3,6,6,2,6,4,2,8,6,9,5,1,6,6,7,2,5,1,0.5,"2024-06-10 06:48:09",503
6,5,4,4,8,3,5,2,5,1,6,6,4,8,6,3,2,7,4,5,0.49,"2024-06-09 06:47:51",504
8,4,4,6,8,5,6,7,6,9,6,8,6,5,6,3,3,5,4,3,0.57,"2024-06-08 06:47:22",505
5,2,6,3,3,6,4,8,4,9,4,2,5,2,7,4,4,5,6,4,0.46,"2024-06-09 06:47:51",506
4,4,1,7,7,4,4,5,4,6,7,6,10,4,8,4,5,6,5,4,0.555,"2024-06-08 06:47:22",507
6,6,5,4,4,5,5,4,5,3,3,3,7,8,4,1,5,5,2,5,0.46,"2024-06-07 06:47:04",508
2,5,4,5,2,4,6,2,5,3,4,9,8,2,4,3,8,5,10,7,0.52,"2024-06-08 06:47:22",509
5,5,5,8,3,3,8,2,4,3,6,3,6,8,3,6,2,4,3,2,0.44,"2024-06-08 06:47:22",510
6,3,5,1,7,7,2,6,9,8,6,4,2,7,5,9,3,6,3,5,0.525,"2024-06-07 06:47:04",511
5,12,2,3,4,5,4,5,6,6,9,8,10,7,5,5,9,7,7,7,0.655,"2024-06-10 06:48:09",512
3,8,6,4,2,4,7,9,5,4,5,10,5,4,4,7,4,6,8,8,0.615,"2024-06-09 06:47:51",513
10,5,4,4,3,6,1,5,5,3,2,7,7,2,9,6,4,7,8,6,0.525,"2024-06-10 06:48:09",514
4,2,6,10,2,7,4,6,4,6,2,6,5,2,5,1,4,8,6,2,0.455,"2024-06-07 06:47:04",515
6,4,6,5,4,6,4,5,4,3,3,5,6,6,9,4,5,3,4,5,0.485,"2024-06-08 06:47:22",516
7,6,6,5,4,3,7,5,8,4,4,5,4,3,3,6,1,4,6,5,0.5,"2024-06-08 06:47:22",517
5,4,6,5,4,5,8,4,6,3,5,4,4,1,5,3,6,8,5,6,0.485,"2024-06-09 06:47:51",518
5,7,2,9,3,5,5,3,6,2,8,4,8,7,2,5,4,4,2,4,0.47,"2024-06-10 06:48:09",519
4,3,8,3,5,3,3,8,2,7,5,1,10,10,8,5,9,6,5,1,0.545,"2024-06-09 06:47:51",520
7,5,3,3,3,10,4,11,4,5,8,3,5,4,7,4,10,3,7,3,0.565,"2024-06-07 06:47:04",521
5,8,6,2,7,6,3,2,4,6,5,6,2,8,5,4,2,7,3,6,0.51,"2024-06-09 06:47:51",522
2,7,7,4,3,3,7,3,1,3,5,7,4,5,5,2,2,4,12,5,0.435,"2024-06-07 06:47:04",523
10,3,4,4,4,6,4,4,9,2,7,3,4,4,4,3,7,5,4,9,0.54,"2024-06-08 06:47:22",524
9,5,5,5,3,6,5,8,4,5,4,7,6,4,6,4,4,5,5,4,0.535,"2024-06-08 06:47:22",525
9,5,5,7,5,5,2,2,6,4,5,7,9,5,2,5,6,7,3,8,0.545,"2024-06-09 06:47:51",526
4,4,6,4,6,7,8,8,1,9,2,2,5,7,11,4,4,6,3,4,0.53,"2024-06-08 06:47:22",527
4,4,7,3,4,10,5,4,3,5,4,4,5,10,5,9,6,3,3,6,0.525,"2024-06-08 06:47:22",528
6,7,6,2,5,7,6,2,4,4,2,3,7,5,6,2,7,4,4,5,0.515,"2024-06-07 06:47:04",529
4,7,2,4,4,6,6,3,5,5,3,5,5,5,4,8,3,5,7,3,0.49,"2024-06-09 06:47:51",530
6,5,5,7,7,5,5,8,6,4,4,5,7,7,5,9,3,4,6,8,0.59,"2024-06-08 06:47:22",531
6,5,3,9,4,6,6,6,4,5,4,7,1,7,1,8,3,7,2,4,0.53,"2024-06-07 06:47:04",532
7,7,6,4,7,5,6,4,5,6,3,6,5,5,8,8,6,5,3,8,0.58,"2024-06-07 06:47:04",533
4,4,4,4,6,11,5,5,5,4,5,8,5,4,3,7,7,4,6,4,0.535,"2024-06-07 06:47:04",534
2,2,5,6,11,2,4,5,9,3,4,6,4,11,4,5,3,2,4,4,0.465,"2024-06-08 06:47:22",535
0,4,8,5,1,5,5,3,5,5,4,4,5,4,6,8,3,5,4,6,0.425,"2024-06-05 06:41:15",536
8,6,6,8,6,3,6,5,6,6,4,7,5,4,3,7,5,8,3,4,0.575,"2024-06-07 06:47:04",537
7,5,4,5,5,6,6,5,2,6,4,4,5,9,4,4,4,9,6,7,0.545,"2024-06-09 06:47:51",538
5,8,5,4,5,4,3,1,6,3,2,4,4,7,3,4,4,6,2,4,0.405,"2024-06-08 06:47:22",539
5,8,5,5,4,6,3,7,3,1,5,5,7,5,6,3,4,3,3,5,0.46,"2024-06-07 06:47:04",540
5,4,6,5,8,5,5,4,5,4,5,6,2,4,7,5,3,5,5,3,0.49,"2024-06-08 06:47:22",541
7,4,4,4,3,5,4,3,11,3,2,4,8,4,3,4,5,4,6,7,0.47,"2024-06-09 06:47:51",542
5,4,2,6,8,4,7,4,10,3,4,3,9,7,4,4,7,6,7,5,0.57,"2024-06-07 06:47:04",543
0,6,6,1,5,4,7,9,1,7,7,8,4,8,3,6,4,4,1,3,0.455,"2024-06-09 06:47:51",544
5,2,6,6,4,4,9,4,4,5,8,7,2,9,4,5,5,5,7,6,0.545,"2024-06-10 06:48:09",545
5,7,6,4,8,3,2,4,6,2,3,5,9,8,9,2,8,5,1,4,0.505,"2024-06-08 06:47:22",546
6,5,6,4,6,6,7,7,2,6,2,1,5,4,6,3,6,4,4,7,0.485,"2024-06-08 06:47:22",547
8,5,4,8,4,2,6,4,6,6,4,4,6,6,7,7,6,5,5,7,0.565,"2024-06-07 06:47:04",548
4,5,6,4,7,6,5,6,2,8,6,4,5,5,5,3,3,2,6,7,0.505,"2024-06-08 06:47:22",549
3,7,6,6,2,6,5,3,3,6,6,8,3,4,5,3,2,4,6,9,0.475,"2024-06-07 06:47:04",550
5,6,5,2,2,4,7,7,5,6,4,8,8,2,7,4,5,3,4,6,0.54,"2024-06-10 06:48:09",551
7,2,4,3,1,4,8,4,9,5,6,5,1,5,3,8,2,4,6,4,0.435,"2024-06-09 06:47:51",552
6,6,5,5,1,6,5,3,6,9,3,5,5,9,6,2,4,7,6,5,0.52,"2024-06-09 06:47:51",553
5,3,3,4,2,3,5,2,2,2,6,4,11,4,5,6,8,5,2,9,0.495,"2024-06-09 06:47:51",554
4,3,3,6,3,1,8,7,8,6,5,4,3,3,2,4,8,6,5,9,0.485,"2024-06-10 06:48:09",555
5,3,5,9,5,5,7,5,6,2,7,1,4,6,6,4,4,5,6,4,0.52,"2024-06-08 06:47:22",556
7,5,2,5,1,4,0,3,6,1,5,6,6,2,4,5,7,4,4,4,0.375,"2024-06-07 06:47:04",557
3,2,4,6,8,6,5,3,4,8,8,3,4,3,9,2,5,4,4,5,0.48,"2024-06-10 06:48:09",558
4,9,7,6,3,2,9,9,2,7,5,3,6,3,10,6,5,1,5,4,0.555,"2024-06-07 06:47:04",559
4,7,6,2,6,5,6,3,7,5,4,7,3,7,7,3,9,3,4,2,0.515,"2024-06-10 06:48:09",560
5,3,6,3,4,2,5,7,6,9,3,3,6,5,9,5,5,4,4,5,0.52,"2024-06-09 06:47:51",561
5,2,7,2,6,7,3,6,8,5,6,6,5,7,7,8,2,8,7,2,0.58,"2024-06-07 06:47:04",562
4,4,5,5,4,7,6,5,3,2,5,6,1,8,4,7,5,5,3,7,0.48,"2024-06-09 06:47:51",563
6,6,4,7,5,12,2,7,4,3,4,1,5,8,3,5,3,6,5,1,0.475,"2024-06-08 06:47:22",564
5,3,7,5,5,8,4,3,4,9,2,5,4,8,7,5,3,7,7,9,0.58,"2024-06-10 06:48:09",565
0,4,9,5,7,5,5,1,4,6,4,3,4,6,3,8,4,10,3,4,0.515,"2024-06-09 06:47:51",566
6,4,3,2,6,6,5,6,3,6,1,8,10,12,2,4,5,4,6,5,0.55,"2024-06-09 06:47:51",567
4,3,2,6,6,7,6,9,6,8,5,6,2,5,6,3,5,7,5,8,0.55,"2024-06-09 06:47:51",568
6,6,3,4,7,6,5,7,4,5,2,2,10,7,6,3,6,5,5,3,0.51,"2024-06-08 06:47:22",569
1,1,7,4,4,4,5,10,9,1,7,6,5,7,4,3,5,6,1,8,0.5,"2024-06-07 06:47:04",570
2,4,3,4,5,4,1,2,7,3,5,5,4,4,2,5,6,5,4,8,0.395,"2024-06-10 06:48:09",571
7,5,5,7,2,5,5,5,10,10,5,6,3,4,4,4,4,8,4,8,0.595,"2024-06-09 06:47:51",572
7,7,3,6,8,0,6,7,3,6,5,5,4,4,12,4,5,1,5,9,0.54,"2024-06-07 06:47:04",573
3,4,4,5,3,2,5,5,6,5,2,4,5,5,5,5,6,8,4,4,0.495,"2024-06-08 06:47:22",574
4,2,4,7,2,1,6,4,8,6,4,5,8,7,4,3,4,5,6,8,0.5,"2024-06-09 06:47:51",575
6,5,15,8,7,5,6,6,2,6,1,5,5,1,2,5,3,6,2,9,0.535,"2024-06-09 06:47:51",576
5,4,5,2,7,6,9,4,1,4,4,4,7,5,8,3,4,7,3,4,0.48,"2024-06-07 06:47:04",577
3,4,4,5,5,6,6,4,4,3,4,3,5,4,7,7,6,3,9,4,0.49,"2024-06-10 06:48:09",578
2,6,3,7,4,5,5,8,4,6,6,3,2,4,5,5,5,5,2,4,0.45,"2024-06-10 06:48:09",579
4,2,4,5,4,4,5,6,5,7,7,3,4,3,2,4,8,5,6,4,0.485,"2024-06-09 06:47:51",580
4,4,9,5,6,3,5,5,5,5,4,8,8,6,4,8,3,2,6,4,0.585,"2024-06-10 06:48:09",581
5,4,3,9,8,4,8,4,6,6,4,2,7,8,4,3,3,5,4,3,0.53,"2024-06-09 06:47:51",582
3,6,4,4,7,5,7,7,4,3,2,4,5,8,7,7,6,8,8,5,0.585,"2024-06-09 06:47:51",583
3,7,8,1,2,2,6,8,4,2,5,7,5,6,2,3,6,7,2,4,0.43,"2024-06-10 06:48:09",584
4,4,5,6,3,5,3,4,3,3,7,10,5,6,3,2,3,7,5,3,0.45,"2024-06-09 06:47:51",585
3,5,1,6,8,5,5,6,5,5,4,8,6,4,0,6,6,1,7,5,0.5,"2024-06-08 06:47:22",586
9,3,3,7,3,3,9,3,2,9,3,3,5,6,3,2,5,6,7,9,0.53,"2024-06-09 06:47:51",587
2,3,5,5,4,2,4,6,10,4,4,4,8,4,8,3,3,3,5,4,0.485,"2024-06-09 06:47:51",588
6,3,3,7,3,4,10,3,6,7,6,8,4,0,6,5,4,5,3,4,0.51,"2024-06-07 06:47:04",589
5,5,4,3,7,3,4,4,4,4,3,5,4,4,6,6,9,2,7,4,0.46,"2024-06-08 06:47:22",590
5,4,3,1,9,5,6,5,4,4,5,8,4,7,2,4,4,4,3,5,0.515,"2024-06-08 06:47:22",591
9,4,6,8,4,3,2,8,6,5,5,3,4,9,4,5,3,2,8,2,0.555,"2024-06-10 06:48:09",592
5,6,5,6,8,7,3,8,4,9,3,3,3,2,5,2,3,2,2,3,0.45,"2024-06-09 06:47:51",593
4,4,4,4,5,6,8,7,4,3,2,5,3,3,2,4,6,8,3,6,0.47,"2024-06-07 06:47:04",594
7,5,6,3,4,5,2,8,4,5,4,5,5,5,3,4,7,5,5,4,0.465,"2024-06-09 06:47:51",595
5,7,6,3,4,2,6,4,2,3,10,1,2,7,5,10,6,2,7,6,0.49,"2024-06-09 06:47:51",596
3,5,3,3,3,8,5,6,4,3,5,7,6,8,7,3,9,3,6,3,0.53,"2024-06-08 06:47:22",597
5,6,5,2,7,3,7,3,4,11,7,8,0,5,3,14,7,5,6,4,0.5,"2024-06-10 06:48:09",598
5,5,6,5,5,3,8,3,7,8,3,3,5,7,8,2,3,2,3,4,0.47,"2024-06-09 06:47:51",599
2,5,3,5,4,2,5,4,3,3,6,3,4,2,8,6,8,4,5,2,0.42,"2024-06-09 06:47:51",600
4,7,5,5,2,4,5,3,4,6,3,6,3,7,6,3,8,4,5,7,0.485,"2024-06-09 06:47:51",601
6,5,4,3,8,4,5,7,2,3,5,3,6,3,3,5,6,7,3,4,0.485,"2024-06-10 06:48:09",602
5,4,6,3,5,9,9,4,3,5,8,5,3,3,5,4,3,6,4,3,0.465,"2024-06-08 06:47:22",603
6,5,6,5,5,4,3,2,6,8,4,8,6,3,7,5,4,4,6,5,0.51,"2024-06-08 06:47:22",604
3,7,6,8,4,5,5,6,4,5,8,4,6,4,6,5,4,1,6,6,0.52,"2024-06-10 06:48:09",605
4,3,4,3,3,6,8,9,4,9,8,5,7,3,2,2,6,8,4,7,0.555,"2024-06-09 06:47:51",606
4,3,5,4,2,2,4,4,5,7,7,7,4,5,6,6,4,5,10,6,0.53,"2024-06-09 06:47:51",607
6,6,3,5,2,9,4,6,6,4,2,5,2,5,4,5,3,5,4,5,0.455,"2024-06-10 06:48:09",608
5,3,5,4,1,3,3,4,3,2,4,2,5,0,2,9,7,4,2,3,0.35,"2024-06-09 06:47:51",609
2,4,9,5,7,7,3,2,3,3,8,4,6,5,4,4,9,5,4,5,0.52,"2024-06-10 06:48:09",610
2,6,5,0,2,6,4,5,4,5,4,3,7,7,10,3,6,8,3,7,0.465,"2024-06-08 06:47:22",611
9,6,5,5,4,4,7,7,2,8,6,3,5,6,7,4,6,5,6,6,0.575,"2024-06-09 06:47:51",612
2,8,5,3,4,4,3,7,5,4,7,4,6,4,6,7,6,4,4,5,0.49,"2024-06-07 06:47:04",613
5,5,5,9,2,4,3,7,7,12,3,4,6,4,3,9,4,8,4,2,0.545,"2024-06-09 06:47:51",614
2,5,5,4,4,6,4,6,5,8,3,6,4,8,5,4,7,4,4,4,0.49,"2024-06-08 06:47:22",615
8,4,5,6,6,4,3,6,4,6,8,4,4,6,5,4,1,7,5,4,0.505,"2024-06-10 06:48:09",616
3,2,8,5,5,3,6,4,6,4,5,5,3,4,4,3,7,11,5,3,0.48,"2024-06-10 06:48:09",617
7,5,4,5,5,10,4,4,4,5,1,4,7,4,5,8,7,4,8,6,0.56,"2024-06-08 06:47:22",618
5,3,2,0,5,5,5,6,4,6,5,7,5,5,3,9,3,5,4,6,0.46,"2024-06-10 06:48:09",619
5,7,2,5,5,6,6,2,5,4,4,8,3,3,5,5,9,4,6,3,0.465,"2024-06-07 06:47:04",620
3,4,3,3,1,7,4,5,8,7,5,8,7,8,3,4,3,2,9,4,0.5,"2024-06-09 06:47:51",621
8,4,7,3,3,5,7,6,5,5,7,7,6,10,6,2,5,4,1,4,0.53,"2024-06-09 06:47:51",622
5,6,4,8,3,5,3,7,6,7,7,5,9,5,8,5,3,3,3,4,0.545,"2024-06-08 06:47:22",623
7,3,2,7,6,6,4,3,6,2,4,9,1,3,2,3,6,1,8,6,0.44,"2024-06-10 06:48:09",624
3,4,6,2,6,3,3,3,7,5,6,5,10,7,5,3,4,7,6,3,0.485,"2024-06-10 06:48:09",625
6,3,4,4,3,5,3,6,4,3,6,4,6,5,8,3,5,5,5,4,0.435,"2024-06-10 06:48:09",626
4,6,6,7,4,5,4,5,5,5,2,3,5,5,4,3,6,4,7,9,0.505,"2024-06-08 06:47:22",627
3,8,7,6,4,4,8,6,3,5,5,7,3,2,4,3,7,8,6,7,0.555,"2024-06-08 06:47:22",628
11,4,7,3,7,8,4,1,3,5,4,4,3,3,6,4,4,3,5,3,0.455,"2024-06-08 06:47:22",629
3,4,3,2,5,8,3,6,4,7,3,3,3,7,8,6,5,5,9,2,0.48,"2024-06-10 06:48:09",630
7,8,8,5,7,3,7,5,2,5,5,8,4,4,7,4,5,4,3,5,0.545,"2024-06-09 06:47:51",631
5,3,6,4,3,1,5,5,5,10,7,5,7,5,6,5,5,5,9,4,0.545,"2024-06-08 06:47:22",632
5,7,5,7,1,1,3,8,4,6,8,6,11,7,8,7,3,6,4,8,0.535,"2024-06-08 06:47:22",633
3,3,4,8,5,5,4,6,7,4,4,3,4,6,10,4,8,4,2,4,0.485,"2024-06-07 06:47:04",634
7,5,4,5,3,4,4,9,6,5,8,5,5,4,6,4,2,5,9,7,0.54,"2024-06-08 06:47:22",635
4,6,6,3,6,7,3,5,5,4,9,5,2,8,3,8,7,5,3,8,0.56,"2024-06-10 06:48:09",636
4,6,4,7,5,6,5,5,5,8,7,8,5,6,7,3,5,2,6,3,0.545,"2024-06-10 06:48:09",637
4,5,3,4,5,5,4,7,4,4,3,5,6,3,4,2,2,2,4,8,0.41,"2024-06-09 06:47:51",638
1,2,9,6,4,6,3,6,5,5,6,2,6,3,4,3,5,4,7,9,0.48,"2024-06-10 06:48:09",639
5,2,5,4,6,9,6,1,4,9,4,2,2,5,4,5,2,6,7,4,0.515,"2024-06-10 06:48:09",640
3,6,8,4,6,4,5,2,6,4,3,7,8,8,4,3,3,8,5,6,0.535,"2024-06-08 06:47:22",641
9,2,6,5,4,7,4,3,7,5,4,7,6,5,4,6,3,8,7,2,0.55,"2024-06-08 06:47:22",642
4,8,3,6,6,6,5,7,2,2,5,4,3,5,9,5,8,7,1,3,0.495,"2024-06-09 06:47:51",643
4,3,4,4,8,5,8,3,4,6,3,7,4,4,3,3,7,5,8,3,0.5,"2024-06-08 06:47:22",644
6,4,4,5,3,5,8,5,5,5,4,3,5,3,3,3,8,7,4,7,0.475,"2024-06-07 06:47:04",645
4,7,6,7,3,7,3,3,1,3,1,5,9,5,7,6,7,4,2,5,0.515,"2024-06-10 06:48:09",646
5,4,4,4,5,7,8,5,2,3,2,1,3,2,6,8,6,3,7,6,0.455,"2024-06-10 06:48:09",647
2,7,5,8,9,5,5,4,4,4,5,5,4,7,9,7,5,7,6,5,0.595,"2024-06-10 06:48:09",648
5,5,4,5,5,5,5,3,3,5,3,6,5,2,2,5,5,6,8,4,0.505,"2024-06-08 06:47:22",649
4,7,7,3,3,5,7,5,3,6,2,6,4,5,5,6,8,3,3,4,0.465,"2024-06-08 06:47:22",650
6,5,7,3,6,2,4,4,3,8,6,5,5,5,2,4,6,4,5,7,0.48,"2024-06-10 06:48:09",651
6,8,3,3,7,8,1,1,7,3,5,5,5,5,3,4,5,5,3,5,0.435,"2024-06-09 06:47:51",652
9,9,3,4,4,6,2,5,3,5,4,0,9,2,3,8,3,2,7,6,0.51,"2024-06-08 06:47:22",653
4,4,11,7,8,2,3,5,7,3,1,4,2,4,5,3,7,4,2,7,0.51,"2024-06-10 06:48:09",654
2,5,8,7,11,3,6,7,6,8,2,3,5,3,2,5,2,8,6,10,0.55,"2024-06-08 06:47:22",655
8,1,9,4,6,2,5,5,4,9,4,4,3,4,2,3,1,5,8,2,0.425,"2024-06-08 06:47:22",656
5,6,5,4,3,7,4,4,5,5,5,2,5,4,4,10,6,8,6,8,0.545,"2024-06-10 06:48:09",657
3,5,4,4,4,3,5,5,3,4,6,6,6,5,4,3,3,5,8,6,0.48,"2024-06-08 06:47:22",658
4,6,0,1,6,4,6,4,3,8,4,6,0,2,5,7,5,4,3,7,0.4,"2024-06-09 06:47:51",659
5,2,8,4,1,5,5,6,4,4,4,3,4,6,2,5,3,7,7,5,0.495,"2024-06-10 06:48:09",660
5,3,4,6,6,1,4,10,7,5,2,4,4,4,2,4,7,9,7,1,0.47,"2024-06-10 06:48:09",661
3,8,5,5,7,7,9,4,4,6,5,2,4,6,5,4,4,4,4,5,0.525,"2024-06-10 06:48:09",662
9,3,6,4,5,3,4,7,7,9,5,3,6,4,5,4,5,9,4,5,0.57,"2024-06-10 06:48:09",663
3,4,6,4,3,6,5,3,2,4,4,8,5,3,5,5,4,8,6,4,0.47,"2024-06-09 06:47:51",664
9,9,5,3,7,6,5,4,5,4,3,7,3,8,5,2,3,2,1,2,0.46,"2024-06-08 06:47:22",665
6,9,5,4,4,7,6,3,4,1,3,3,4,9,3,8,5,5,4,5,0.485,"2024-06-10 06:48:09",666
8,4,5,9,4,5,4,5,5,6,5,7,7,6,2,6,5,4,7,6,0.565,"2024-06-08 06:47:22",667
3,4,3,4,8,4,3,9,9,2,8,10,3,6,6,5,8,6,6,3,0.575,"2024-06-10 06:48:09",668
2,1,7,6,3,3,5,3,6,3,4,6,4,5,4,3,9,3,7,11,0.465,"2024-06-09 06:47:51",669
5,3,9,5,5,6,5,4,5,4,6,6,7,6,8,6,5,5,6,4,0.56,"2024-06-10 06:48:09",670
4,9,4,6,7,1,6,3,3,7,4,5,4,3,5,9,7,4,3,3,0.51,"2024-06-07 06:47:04",671
4,8,4,4,7,11,6,7,2,7,7,2,8,1,7,3,3,6,2,1,0.505,"2024-06-10 06:48:09",672
4,4,6,7,3,4,5,3,5,6,9,5,4,3,4,9,1,4,4,9,0.54,"2024-06-10 06:48:09",673
6,5,4,5,3,5,4,4,7,9,8,3,4,4,5,7,5,1,4,3,0.5,"2024-06-09 06:47:51",674
10,9,6,6,3,4,5,2,2,5,2,3,4,7,1,4,10,2,3,8,0.465,"2024-06-09 06:47:51",675
5,8,5,3,4,2,3,5,5,5,6,6,3,5,5,4,5,3,3,3,0.42,"2024-06-10 06:48:09",676
7,3,3,5,1,5,7,7,5,5,4,6,5,6,2,7,2,2,7,3,0.515,"2024-06-10 06:48:09",677
8,4,2,3,0,8,6,3,7,5,6,9,8,6,7,3,9,1,6,3,0.52,"2024-06-08 06:47:22",678
3,4,5,6,5,5,3,5,8,6,7,2,5,10,3,7,4,0,5,4,0.475,"2024-06-10 06:48:09",679
3,5,8,6,7,7,7,3,6,7,5,3,4,6,6,5,10,8,8,6,0.605,"2024-06-10 06:48:09",680
3,6,3,7,5,5,7,7,4,4,3,5,9,3,4,2,5,5,3,5,0.52,"2024-06-09 06:47:51",681
3,7,2,6,6,4,5,8,3,5,1,2,1,2,5,7,8,5,7,5,0.515,"2024-06-09 06:47:51",682
5,2,4,4,2,5,3,8,3,4,10,2,6,6,5,7,8,4,6,5,0.515,"2024-06-07 06:47:04",683
6,3,7,8,7,2,5,3,7,9,4,5,3,3,6,8,4,4,5,5,0.525,"2024-06-10 06:48:09",684
5,3,8,8,5,5,6,3,7,7,5,4,4,5,6,5,7,2,5,4,0.52,"2024-06-09 06:47:51",685
4,5,3,4,4,7,7,4,5,5,8,5,6,5,4,5,4,7,6,7,0.53,"2024-06-11 06:48:27",686
5,6,6,5,5,3,5,4,9,2,4,4,5,7,2,3,6,5,4,7,0.5,"2024-06-10 06:48:09",687
4,3,6,5,7,5,5,1,3,5,9,6,3,6,5,5,5,7,5,3,0.53,"2024-06-07 06:47:04",688
5,3,6,7,5,5,6,7,5,4,5,4,7,4,5,2,8,2,4,4,0.5,"2024-06-09 06:47:51",689
4,0,4,5,2,7,3,2,5,3,4,5,6,6,4,7,7,3,8,6,0.45,"2024-06-10 06:48:09",690
7,3,1,2,5,7,10,4,8,4,5,5,7,5,3,5,6,6,5,7,0.53,"2024-06-08 06:47:22",691
7,5,12,4,8,4,7,2,8,4,4,3,1,3,3,5,3,4,7,3,0.475,"2024-06-10 06:48:09",692
5,1,4,5,6,3,7,3,6,4,5,2,7,7,7,8,1,9,5,10,0.525,"2024-06-11 06:48:27",693
7,5,4,1,7,6,4,1,5,6,6,3,5,3,9,5,6,5,5,4,0.48,"2024-06-09 06:47:51",694
4,4,4,2,2,4,4,5,4,3,6,5,5,7,6,6,5,7,10,5,0.53,"2024-06-09 06:47:51",695
6,8,5,2,5,6,4,6,2,4,6,3,5,2,8,4,4,4,3,5,0.505,"2024-06-07 06:47:04",696
7,1,7,7,8,2,5,8,4,4,5,7,4,2,3,4,4,6,5,3,0.48,"2024-06-10 06:48:09",697
6,6,6,5,6,2,2,6,2,7,6,4,4,3,4,4,8,6,6,5,0.485,"2024-06-08 06:47:22",698
6,8,4,7,3,6,6,6,5,3,9,5,2,1,5,4,5,6,7,3,0.505,"2024-06-10 06:48:09",699
4,5,4,5,6,3,6,6,5,3,7,4,7,4,6,5,10,5,4,5,0.535,"2024-06-10 06:48:09",700
4,4,5,5,3,4,4,5,5,7,5,5,5,5,2,4,8,4,5,8,0.51,"2024-06-09 06:47:51",701
5,2,4,2,10,3,1,1,2,2,4,4,1,5,2,7,6,4,4,3,0.415,"2024-06-07 06:47:04",702
0,4,5,4,4,5,6,8,9,3,5,6,1,6,9,2,2,6,5,6,0.5,"2024-06-09 06:47:51",703
7,4,4,6,5,3,4,5,3,5,8,5,5,6,3,3,4,4,5,2,0.45,"2024-06-07 06:47:04",704
5,6,3,7,3,0,5,5,5,5,5,2,8,11,5,4,6,8,7,7,0.54,"2024-06-11 06:48:27",705
5,7,4,3,5,4,7,8,6,4,5,3,3,9,6,8,4,6,3,4,0.535,"2024-06-10 06:48:09",706
5,1,7,8,4,6,2,9,2,3,4,6,1,3,6,6,4,3,3,4,0.44,"2024-06-08 06:47:22",707
7,3,3,6,6,8,5,2,5,2,4,7,3,5,7,2,6,4,7,4,0.5,"2024-06-10 06:48:09",708
4,4,2,11,4,8,4,2,5,2,2,6,5,4,3,5,7,4,9,8,0.515,"2024-06-08 06:47:22",709
9,7,3,4,6,2,3,7,8,2,4,2,2,6,7,2,11,1,2,6,0.46,"2024-06-10 06:48:09",710
4,4,4,6,5,5,6,5,5,6,3,4,2,8,6,4,3,5,6,7,0.49,"2024-06-10 06:48:09",711
8,2,7,4,5,5,4,5,3,6,3,5,5,3,1,4,7,3,4,7,0.455,"2024-06-11 06:48:27",712
5,5,6,6,5,2,9,8,4,3,5,4,5,6,3,1,4,4,3,3,0.455,"2024-06-09 06:47:51",713
5,4,4,6,3,4,4,3,7,4,5,5,8,5,3,3,3,8,4,4,0.455,"2024-06-07 06:47:04",714
3,3,2,6,6,5,3,10,2,5,6,6,8,4,5,3,5,2,4,3,0.45,"2024-06-09 06:47:51",715
7,4,5,7,4,5,5,4,3,1,0,7,9,3,6,5,6,4,5,6,0.52,"2024-06-10 06:48:09",716
4,5,9,5,7,4,3,6,6,8,3,7,6,3,4,7,8,3,5,6,0.565,"2024-06-07 06:47:04",717
0,6,8,2,5,6,11,5,5,5,4,2,6,4,5,10,2,14,7,2,0.565,"2024-06-11 06:48:27",718
2,4,8,2,6,7,4,7,2,4,6,5,5,5,7,5,3,3,2,7,0.49,"2024-06-07 06:47:04",719
5,2,5,3,5,3,5,4,5,6,6,8,3,6,7,7,5,3,3,7,0.49,"2024-06-11 06:48:27",720
6,5,10,3,2,4,5,5,3,2,6,4,5,7,5,3,3,4,5,7,0.445,"2024-06-08 06:47:22",721
3,6,4,5,7,8,4,4,2,4,8,6,7,6,4,5,3,5,4,3,0.53,"2024-06-10 06:48:09",722
4,4,4,11,3,3,5,1,3,3,5,6,6,7,4,6,3,6,3,4,0.45,"2024-06-09 06:47:51",723
5,4,4,3,2,5,6,8,6,1,3,5,4,2,10,5,4,4,5,4,0.495,"2024-06-11 06:48:27",724
7,7,4,2,4,7,5,3,5,6,5,6,4,4,6,5,8,3,2,2,0.46,"2024-06-09 06:47:51",725
6,4,4,4,5,6,0,6,9,2,6,5,1,3,5,5,5,2,10,2,0.425,"2024-06-10 06:48:09",726
6,4,1,5,9,1,4,5,9,4,3,4,4,11,5,1,4,3,7,4,0.45,"2024-06-08 06:47:22",727
3,5,8,5,5,7,6,2,7,5,6,5,5,6,3,5,4,2,0,8,0.465,"2024-06-11 06:48:27",728
6,4,2,3,3,4,6,4,5,3,2,6,5,4,3,7,10,8,4,8,0.49,"2024-06-12 06:48:52",729
4,6,7,4,6,4,6,5,6,5,6,5,4,8,7,4,4,5,8,7,0.56,"2024-06-09 06:47:51",730
3,2,4,6,6,4,4,3,4,6,5,5,7,2,3,8,7,2,5,5,0.45,"2024-06-10 06:48:09",731
2,5,5,6,7,6,6,7,1,4,7,7,3,8,4,2,4,4,7,5,0.53,"2024-06-11 06:48:27",732
7,1,4,9,3,4,6,6,8,5,6,6,6,4,4,4,2,2,4,6,0.48,"2024-06-07 06:47:04",733
6,5,3,8,2,4,7,3,2,7,8,5,2,5,7,2,1,3,6,4,0.435,"2024-06-08 06:47:22",734
2,2,5,4,5,4,6,2,4,2,8,7,2,5,5,5,4,2,5,7,0.41,"2024-06-08 06:47:22",735
9,3,5,5,4,2,2,5,4,2,4,3,4,6,7,4,3,6,4,1,0.41,"2024-06-10 06:48:09",736
6,4,2,4,8,3,5,10,2,6,4,5,3,6,4,8,9,4,6,2,0.54,"2024-06-07 06:47:04",737
4,3,4,8,3,6,2,3,5,6,4,5,6,5,4,5,2,5,6,4,0.425,"2024-06-12 06:48:52",738
3,10,4,5,5,4,6,7,4,3,11,11,4,4,4,3,7,4,4,4,0.545,"2024-06-09 06:47:51",739
5,6,9,5,5,6,6,4,5,3,5,5,7,8,5,4,4,4,4,6,0.555,"2024-06-09 06:47:51",740
7,4,4,6,8,4,4,5,8,5,5,7,4,2,5,5,2,5,5,4,0.49,"2024-06-11 06:48:27",741
7,6,8,3,3,8,3,6,5,3,4,8,5,4,5,5,2,4,4,3,0.5,"2024-06-10 06:48:09",742
3,8,2,2,2,4,6,4,7,6,6,5,5,3,8,6,2,6,4,4,0.455,"2024-06-07 06:47:04",743
2,0,4,4,5,2,4,4,6,5,3,3,7,4,7,6,3,9,6,8,0.515,"2024-06-07 06:47:04",744
10,3,5,6,8,2,5,6,6,4,6,4,11,4,3,6,3,5,6,5,0.565,"2024-06-12 06:48:52",745
4,6,2,4,3,5,5,5,2,5,5,8,4,6,3,6,4,8,5,5,0.47,"2024-06-10 06:48:09",746
3,6,6,3,3,3,2,9,4,2,6,5,7,3,7,2,9,12,2,8,0.54,"2024-06-08 06:47:22",747
1,4,1,7,2,4,4,6,8,6,8,8,5,2,6,6,5,3,6,2,0.515,"2024-06-10 06:48:09",748
5,5,6,7,9,9,8,5,7,3,5,7,3,3,3,5,5,4,2,6,0.545,"2024-06-08 06:47:22",749
9,5,9,3,6,6,7,8,7,6,5,4,3,3,3,4,2,6,6,7,0.55,"2024-06-10 06:48:09",750
6,6,5,4,3,2,8,6,6,8,5,2,5,4,6,9,6,10,5,4,0.56,"2024-06-09 06:47:51",751
3,7,4,7,4,8,2,7,7,7,3,5,4,2,6,3,7,7,2,6,0.505,"2024-06-08 06:47:22",752
6,3,6,4,8,1,5,6,7,3,4,4,4,2,5,4,5,3,6,6,0.515,"2024-06-11 06:48:27",753
2,5,2,11,5,5,8,6,4,4,5,4,4,5,1,4,5,4,6,2,0.515,"2024-06-10 06:48:09",754
3,3,7,4,2,4,4,8,9,5,4,5,5,5,6,6,3,6,1,4,0.515,"2024-06-09 06:47:51",755
4,3,3,4,4,4,3,7,3,5,5,3,0,9,8,11,1,6,1,6,0.425,"2024-06-12 06:48:52",756
6,5,3,7,3,3,5,3,5,7,3,6,4,5,5,3,8,4,2,5,0.455,"2024-06-09 06:47:51",757
8,4,7,4,3,4,3,3,5,7,9,6,2,8,6,3,3,6,3,4,0.475,"2024-06-09 06:47:51",758
3,5,5,4,5,7,4,7,6,4,6,3,8,5,5,5,6,8,7,6,0.58,"2024-06-07 06:47:04",759
3,5,6,2,3,4,4,6,4,6,4,6,5,6,4,6,5,6,4,8,0.485,"2024-06-09 06:47:51",760
5,3,4,2,5,6,2,12,5,7,3,8,4,3,2,3,6,6,3,3,0.455,"2024-06-10 06:48:09",761
9,5,3,3,7,6,7,3,6,4,2,4,7,3,2,11,5,7,4,2,0.53,"2024-06-08 06:47:22",762
4,8,8,5,3,3,2,3,5,6,2,7,6,2,4,11,6,6,3,5,0.515,"2024-06-08 06:47:22",763
8,1,4,8,4,4,3,4,1,8,6,1,3,6,6,3,6,5,7,5,0.48,"2024-06-08 06:47:22",764
2,3,3,1,7,8,7,3,5,9,1,7,3,6,5,4,5,4,3,6,0.445,"2024-06-09 06:47:51",765
9,4,7,5,4,4,5,3,2,4,6,6,6,3,7,4,4,2,2,5,0.47,"2024-06-11 06:48:27",766
5,4,8,3,6,6,5,6,5,7,6,4,3,5,8,4,4,7,4,3,0.525,"2024-06-09 06:47:51",767
5,5,5,2,8,2,4,6,3,6,7,5,9,5,2,1,8,6,3,5,0.465,"2024-06-12 06:48:52",768
4,1,6,4,8,3,7,0,4,8,5,4,1,13,5,9,4,5,8,6,0.525,"2024-06-08 06:47:22",769
7,6,4,6,6,7,2,7,1,6,4,4,4,7,7,3,2,5,5,5,0.5,"2024-06-09 06:47:51",770
6,4,11,5,3,7,4,5,5,4,5,5,8,3,3,3,6,4,4,2,0.485,"2024-06-10 06:48:09",771
7,4,9,4,4,4,5,3,9,7,1,5,5,7,7,4,5,7,5,3,0.53,"2024-06-11 06:48:27",772
3,4,4,7,7,5,6,6,5,6,5,9,5,5,5,4,6,3,6,2,0.535,"2024-06-12 06:48:52",773
7,8,5,5,4,7,4,5,4,6,7,3,5,8,3,4,9,5,3,3,0.545,"2024-06-08 06:47:22",774
3,3,2,7,5,4,4,6,4,4,9,7,3,3,7,2,7,7,4,9,0.505,"2024-06-10 06:48:09",775
1,5,4,7,6,4,4,6,9,5,6,5,5,3,5,7,5,6,5,5,0.525,"2024-06-09 06:47:51",776
3,4,3,6,7,5,2,3,3,4,5,6,6,3,7,7,4,5,8,4,0.46,"2024-06-09 06:47:51",777
5,4,4,5,5,5,6,7,8,5,4,5,4,6,6,6,3,4,8,8,0.565,"2024-06-11 06:48:27",778
11,4,6,4,5,6,5,5,6,7,5,9,1,2,3,4,5,1,1,2,0.435,"2024-06-08 06:47:22",779
8,4,5,6,6,7,3,2,3,3,3,7,5,3,2,5,8,4,6,2,0.505,"2024-06-08 06:47:22",780
8,8,3,4,3,3,4,4,4,6,5,5,3,3,8,3,6,6,6,4,0.5,"2024-06-10 06:48:09",781
5,7,3,6,2,4,3,6,3,5,3,3,3,2,9,3,2,8,1,3,0.4,"2024-06-10 06:48:09",782
6,3,6,9,3,6,8,5,5,8,5,3,4,3,4,6,5,0,3,4,0.48,"2024-06-10 06:48:09",783
5,2,2,6,2,6,3,4,6,6,3,5,6,2,6,2,11,6,4,5,0.505,"2024-06-11 06:48:27",784
2,4,6,6,6,4,7,8,6,2,3,2,6,5,4,5,5,8,4,4,0.475,"2024-06-12 06:48:52",785
1,7,5,5,4,7,3,6,3,8,6,6,8,5,4,4,3,8,3,3,0.495,"2024-06-09 06:47:51",786
11,8,7,4,4,4,7,5,2,5,8,1,10,5,3,4,7,3,0,7,0.535,"2024-06-12 06:48:52",787
4,3,9,4,3,6,5,2,3,7,4,4,4,3,2,2,6,4,7,10,0.485,"2024-06-10 06:48:09",788
7,2,8,6,6,5,6,7,6,2,3,5,3,6,1,5,8,6,3,6,0.54,"2024-06-08 06:47:22",789
4,4,3,3,4,2,3,5,6,5,5,6,9,4,4,6,5,4,3,7,0.51,"2024-06-10 06:48:09",790
2,8,6,4,8,3,8,4,6,9,4,4,4,7,4,6,10,4,8,2,0.575,"2024-06-09 06:47:51",791
4,3,5,2,3,5,8,7,6,3,5,8,8,7,1,5,4,3,1,4,0.445,"2024-06-09 06:47:51",792
4,6,5,7,5,4,6,4,7,8,9,2,5,8,9,7,7,6,5,9,0.645,"2024-06-11 06:48:27",793
5,4,5,5,3,3,2,5,7,4,2,2,6,7,5,7,4,3,2,3,0.42,"2024-06-11 06:48:27",794
2,6,4,10,4,6,5,4,3,5,4,5,3,6,5,4,3,7,3,10,0.495,"2024-06-10 06:48:09",795
4,7,3,4,4,4,5,8,9,2,3,2,2,5,9,2,8,3,5,3,0.44,"2024-06-08 06:47:22",796
2,2,4,6,3,2,2,4,7,7,4,7,4,6,4,5,9,4,5,4,0.45,"2024-06-11 06:48:27",797
7,3,8,1,3,3,5,4,4,2,8,5,5,6,3,5,3,7,5,6,0.46,"2024-06-12 06:48:52",798
4,3,7,4,5,8,7,6,6,4,4,5,5,3,1,2,4,7,5,4,0.45,"2024-06-09 06:47:51",799
7,6,5,2,4,7,5,6,7,3,4,6,3,3,9,5,3,2,5,3,0.52,"2024-06-12 06:48:52",800
8,3,6,4,5,5,4,7,3,9,2,7,4,3,7,4,5,3,4,4,0.49,"2024-06-10 06:48:09",801
2,4,4,6,10,9,6,5,3,5,7,6,8,4,3,7,5,1,5,5,0.595,"2024-06-08 06:47:22",802
5,5,2,5,3,6,6,4,9,4,5,4,4,5,5,3,5,4,4,3,0.47,"2024-06-10 06:48:09",803
4,3,7,2,3,9,2,8,5,7,7,6,1,3,5,5,6,7,6,3,0.52,"2024-06-10 06:48:09",804
3,5,5,10,8,3,3,5,6,6,3,6,5,5,4,6,5,7,3,8,0.555,"2024-06-10 06:48:09",805
8,8,10,5,2,4,12,9,6,8,4,7,6,6,8,4,7,5,2,7,0.65,"2024-06-09 06:47:51",806
6,6,3,4,7,4,6,7,5,4,2,9,5,4,6,3,6,9,1,6,0.535,"2024-06-12 06:48:52",807
5,6,5,5,4,2,1,2,4,8,8,7,5,6,3,4,3,6,5,4,0.48,"2024-06-11 06:48:27",808
8,2,5,7,2,4,2,4,8,5,2,5,7,1,5,3,5,5,5,4,0.45,"2024-06-09 06:47:51",809
10,2,7,2,12,5,9,10,6,6,7,8,8,8,10,6,3,5,3,13,0.715,"2024-06-10 06:48:09",810
7,4,3,2,4,5,3,4,5,6,6,6,5,2,6,10,6,8,5,3,0.54,"2024-06-12 06:48:52",811
6,6,5,1,4,5,5,4,4,7,9,6,8,4,10,3,2,5,3,6,0.55,"2024-06-10 06:48:09",812
4,7,6,4,5,3,2,7,5,6,4,5,2,6,8,4,4,6,4,5,0.475,"2024-06-09 06:47:51",813
2,5,8,9,4,6,7,5,5,4,3,4,6,5,7,4,4,8,8,6,0.575,"2024-06-10 06:48:09",814
8,8,7,6,5,2,3,4,5,4,10,9,3,4,2,2,4,4,3,3,0.5,"2024-06-08 06:47:22",815
2,1,3,6,4,3,7,5,4,4,5,5,5,8,3,11,4,2,6,4,0.47,"2024-06-12 06:48:52",816
5,5,9,7,5,6,4,3,3,5,4,4,9,5,3,6,4,5,6,6,0.525,"2024-06-10 06:48:09",817
4,3,8,2,5,4,5,2,3,6,4,11,7,4,9,4,4,5,9,6,0.56,"2024-06-09 06:47:51",818
2,3,5,2,6,5,3,3,5,5,6,2,4,4,11,6,3,6,4,7,0.505,"2024-06-10 06:48:09",819
5,6,7,6,3,5,3,6,5,2,5,9,7,4,6,3,1,5,7,5,0.5,"2024-06-08 06:47:22",820
3,4,6,4,4,8,11,6,5,4,6,6,1,6,5,10,2,4,8,4,0.56,"2024-06-08 06:47:22",821
8,7,9,8,5,3,4,4,9,8,3,9,1,3,7,7,4,4,5,4,0.57,"2024-06-11 06:48:27",822
4,5,6,9,7,6,3,3,7,4,4,7,3,7,5,4,8,6,4,7,0.58,"2024-06-10 06:48:09",823
7,3,3,3,7,5,2,4,9,10,5,8,6,0,6,1,6,1,5,6,0.49,"2024-06-09 06:47:51",824
5,3,2,3,4,1,4,7,3,8,10,5,9,8,2,3,5,3,5,5,0.515,"2024-06-11 06:48:27",825
5,6,3,5,5,3,4,7,4,6,8,8,6,5,3,5,7,9,9,5,0.57,"2024-06-12 06:48:52",826
3,2,7,5,8,5,3,4,5,3,4,3,5,9,4,3,5,3,2,9,0.505,"2024-06-12 06:48:52",827
8,3,3,5,3,3,9,4,4,4,3,4,5,9,6,6,5,6,2,1,0.48,"2024-06-11 06:48:27",828
8,5,7,5,6,4,7,8,5,4,4,4,4,3,3,9,6,6,4,5,0.56,"2024-06-10 06:48:09",829
5,1,9,6,6,7,9,2,2,4,9,5,6,8,4,5,1,4,4,8,0.545,"2024-06-11 06:48:27",830
8,6,5,2,7,3,3,4,5,5,3,7,4,4,5,4,5,6,6,9,0.505,"2024-06-12 06:48:52",831
6,2,3,9,5,4,4,3,2,4,2,5,8,4,5,8,5,7,4,7,0.475,"2024-06-09 06:47:51",832
8,5,3,4,5,3,7,4,5,4,4,2,3,3,9,4,4,5,1,7,0.425,"2024-06-11 06:48:27",833
3,5,7,4,9,4,5,5,2,2,7,4,7,8,9,2,3,8,6,6,0.555,"2024-06-10 06:48:09",834
7,6,6,4,3,6,5,3,7,5,2,3,7,3,5,4,3,3,7,9,0.475,"2024-06-08 06:47:22",835
3,4,1,3,5,7,3,2,8,4,4,5,2,4,5,6,8,4,6,10,0.47,"2024-06-13 06:49:25",836
5,7,4,5,8,3,4,4,5,6,3,3,4,5,4,2,8,4,5,7,0.48,"2024-06-11 06:48:27",837
4,4,7,9,5,5,6,4,9,7,2,8,1,4,4,4,1,7,3,6,0.54,"2024-06-11 06:48:27",838
3,7,4,6,5,6,2,2,5,8,4,5,8,4,4,7,3,2,4,7,0.48,"2024-06-14 06:50:20",839
3,6,5,6,4,5,3,4,5,9,3,4,6,4,3,5,5,5,5,5,0.46,"2024-06-12 06:48:52",840
8,4,9,9,10,3,6,5,6,5,7,3,3,4,4,7,3,2,1,2,0.505,"2024-06-09 06:47:51",841
3,5,4,4,7,5,5,4,4,6,8,5,8,7,5,4,5,6,3,3,0.505,"2024-06-11 06:48:27",842
4,7,9,6,5,2,3,5,4,2,4,3,3,6,2,4,6,5,2,7,0.45,"2024-06-10 06:48:09",843
7,2,2,5,0,6,4,3,5,2,8,5,7,2,6,5,6,5,5,11,0.5,"2024-06-11 06:48:27",844
5,3,4,7,3,2,2,5,8,4,4,3,4,6,3,6,2,5,7,3,0.42,"2024-06-09 06:47:51",845
5,5,5,4,5,4,4,7,2,3,8,5,7,2,5,3,5,7,5,6,0.465,"2024-06-12 06:48:52",846
6,3,5,4,7,5,1,4,5,5,4,2,8,3,3,7,4,5,8,6,0.47,"2024-06-11 06:48:27",847
7,7,2,3,3,2,5,8,6,5,5,8,7,4,5,7,6,6,6,4,0.555,"2024-06-09 06:47:51",848
2,3,4,6,5,7,4,3,2,6,3,2,4,5,8,2,6,4,3,6,0.42,"2024-06-12 06:48:52",849
3,5,6,5,6,2,5,4,7,8,2,3,6,8,3,8,3,2,5,2,0.46,"2024-06-11 06:48:27",850
3,2,6,5,5,6,6,6,6,9,4,5,5,3,5,5,4,2,2,5,0.46,"2024-06-11 06:48:27",851
2,4,4,6,3,5,4,2,4,4,7,5,6,2,2,5,0,9,5,3,0.375,"2024-06-10 06:48:09",852
6,5,6,5,8,5,3,6,6,5,8,8,6,3,5,5,5,5,6,5,0.585,"2024-06-14 06:50:20",853
9,6,5,8,3,4,4,6,6,3,5,10,7,5,6,4,4,5,5,5,0.565,"2024-06-12 06:48:52",854
3,3,4,2,5,2,6,5,8,2,5,5,2,6,6,5,3,3,3,1,0.385,"2024-06-09 06:47:51",855
6,9,4,8,4,7,7,6,7,4,8,8,3,5,4,5,7,7,2,2,0.595,"2024-06-13 06:49:25",856
5,2,4,8,4,4,2,1,6,10,5,6,5,8,6,5,5,3,5,3,0.475,"2024-06-11 06:48:27",857
6,10,0,3,5,6,6,7,4,5,4,9,9,5,6,3,5,3,2,6,0.525,"2024-06-11 06:48:27",858
4,5,3,6,3,4,6,8,7,7,5,6,6,5,1,8,7,6,3,3,0.525,"2024-06-12 06:48:52",859
5,1,5,9,4,4,1,3,4,9,3,7,7,2,7,6,5,3,5,7,0.485,"2024-06-11 06:48:27",860
5,5,5,9,4,6,5,4,7,5,4,3,4,6,3,8,8,5,5,5,0.545,"2024-06-12 06:48:52",861
4,4,4,5,2,6,9,4,3,2,5,7,4,4,5,4,4,6,7,8,0.465,"2024-06-11 06:48:27",862
6,11,7,5,3,5,3,3,6,5,4,4,4,3,5,4,4,3,5,9,0.495,"2024-06-11 06:48:27",863
6,6,3,3,11,1,4,7,4,8,5,2,6,9,2,8,6,4,4,8,0.545,"2024-06-12 06:48:52",864
4,4,3,4,3,6,5,4,5,2,7,2,9,7,3,10,2,5,4,7,0.465,"2024-06-13 06:49:42",865
5,6,4,7,3,2,5,9,4,4,5,7,4,3,4,4,6,6,3,8,0.495,"2024-06-14 06:50:20",866
8,10,6,6,2,5,3,1,8,7,7,3,7,9,3,5,3,7,6,1,0.54,"2024-06-12 06:48:52",867
3,4,4,4,7,6,6,6,5,5,3,5,8,4,4,5,5,7,3,4,0.475,"2024-06-18 06:51:48",868
3,7,4,3,6,8,5,4,6,6,6,8,5,4,6,6,10,4,8,4,0.615,"2024-06-12 06:48:52",869
1,3,1,8,5,4,7,7,6,6,4,7,6,3,7,2,6,1,4,4,0.445,"2024-06-11 06:48:27",870
5,7,4,4,5,7,4,8,3,5,4,5,7,5,8,5,6,3,3,4,0.51,"2024-06-11 06:48:27",871
4,5,2,5,3,5,8,4,7,7,3,4,5,2,6,1,6,4,8,3,0.455,"2024-06-15 06:50:39",872
4,6,7,4,4,6,4,5,7,7,8,7,2,5,5,5,5,4,4,6,0.53,"2024-06-14 06:50:20",873
6,2,3,3,3,3,8,9,10,5,5,3,3,9,5,4,5,5,4,7,0.51,"2024-06-11 06:48:27",874
7,2,8,4,3,7,5,0,4,2,5,6,3,8,4,4,6,4,3,6,0.485,"2024-06-13 06:49:42",875
3,5,4,7,3,3,3,7,5,5,2,4,2,2,6,7,5,1,5,4,0.41,"2024-06-12 06:48:52",876
5,4,4,2,3,5,6,6,4,3,5,6,3,5,9,6,6,4,3,4,0.51,"2024-06-13 06:49:25",877
6,4,2,3,8,2,9,6,4,6,5,5,8,9,6,5,4,9,3,5,0.57,"2024-06-13 06:49:11",878
2,9,5,2,3,6,7,7,3,6,1,4,1,6,7,3,5,7,6,5,0.47,"2024-06-18 06:51:48",879
5,4,5,6,5,4,7,6,7,5,5,3,5,5,5,8,4,4,5,9,0.545,"2024-06-12 06:48:52",880
6,4,9,3,4,5,5,4,2,4,3,2,6,9,3,4,7,9,7,4,0.54,"2024-06-14 06:50:20",881
7,8,5,9,5,4,4,8,5,5,2,6,4,4,5,3,5,5,5,6,0.545,"2024-06-14 06:50:20",882
5,4,6,6,0,6,6,8,4,8,6,7,8,3,7,3,3,6,3,7,0.545,"2024-06-18 06:51:48",883
4,3,5,4,3,5,6,5,5,2,7,4,6,4,9,4,6,4,3,4,0.46,"2024-06-11 06:48:27",884
4,5,3,7,2,4,4,12,6,2,5,9,2,6,6,3,5,5,3,6,0.515,"2024-06-14 06:50:20",885
5,4,6,7,5,2,3,3,5,4,5,6,6,4,2,2,4,4,8,8,0.49,"2024-06-15 06:50:39",886
3,6,5,3,5,1,4,7,7,2,5,6,8,4,4,5,4,5,6,7,0.51,"2024-06-11 06:48:27",887
5,6,2,3,2,6,9,4,4,4,3,3,5,3,6,9,5,5,3,5,0.47,"2024-06-13 06:49:25",888
2,5,4,3,2,7,2,2,8,3,4,3,4,6,8,4,8,5,5,4,0.44,"2024-06-13 06:49:11",889
4,5,7,7,2,4,5,4,3,8,3,3,8,4,3,3,7,4,8,7,0.515,"2024-06-18 06:51:48",890
3,3,8,2,6,7,8,6,11,7,9,9,8,8,4,8,4,4,2,7,0.635,"2024-06-12 06:48:52",891
6,4,4,4,9,2,6,5,2,5,5,4,4,6,5,6,4,3,7,9,0.53,"2024-06-14 06:50:20",892
4,8,5,4,9,1,3,4,4,8,6,2,7,4,7,2,8,2,4,9,0.505,"2024-06-11 06:48:27",893
3,5,13,3,4,5,3,4,4,8,5,7,6,6,3,6,1,5,5,5,0.505,"2024-06-18 06:51:48",894
3,8,4,5,3,6,5,3,6,3,5,6,2,5,5,5,5,6,6,4,0.47,"2024-06-11 06:48:27",895
10,5,3,4,2,4,3,2,5,6,4,8,5,6,4,5,1,2,8,4,0.45,"2024-06-11 06:48:27",896
11,2,7,7,5,2,4,7,10,5,12,6,5,4,2,5,5,3,5,5,0.595,"2024-06-14 06:50:20",897
10,5,5,5,5,6,6,3,5,3,2,6,3,5,7,7,5,3,9,3,0.525,"2024-06-15 06:50:39",898
8,8,4,3,3,5,3,4,6,2,4,3,2,7,7,2,5,8,4,5,0.455,"2024-06-13 06:49:11",899
5,4,5,6,6,3,8,5,6,3,0,9,2,4,2,6,3,0,2,1,0.415,"2024-06-13 06:49:25",900
9,5,5,7,5,4,7,7,5,1,5,3,9,3,5,8,6,2,2,6,0.535,"2024-06-15 06:50:39",901
3,5,5,4,9,6,7,3,5,4,3,5,4,4,8,4,7,5,3,6,0.555,"2024-06-12 06:48:52",902
7,4,6,6,2,8,6,4,6,3,6,4,5,5,4,2,8,6,8,3,0.55,"2024-06-11 06:48:27",903
7,4,5,5,5,3,5,4,10,8,7,3,5,4,5,4,2,4,5,2,0.51,"2024-06-14 06:50:20",904
7,9,5,7,4,6,8,6,6,7,6,7,7,3,8,5,6,6,4,5,0.65,"2024-06-11 06:48:27",905
7,6,5,5,6,4,6,7,3,4,2,3,8,3,4,5,6,2,6,4,0.465,"2024-06-11 06:48:27",906
5,6,4,5,5,5,4,7,5,5,6,3,5,9,4,5,6,7,4,3,0.525,"2024-06-14 06:50:20",907
5,7,4,2,4,6,1,6,5,3,2,4,7,4,7,4,6,4,4,8,0.46,"2024-06-11 06:48:27",908
5,8,4,5,5,4,5,7,7,5,6,5,4,7,2,4,5,5,4,8,0.53,"2024-06-15 06:50:39",909
7,5,7,6,3,3,8,6,7,5,5,6,3,5,6,9,4,7,2,3,0.54,"2024-06-13 06:49:11",910
6,2,3,9,5,7,4,5,6,2,3,3,5,2,2,3,5,8,9,4,0.48,"2024-06-11 06:48:27",911
6,7,2,4,3,5,5,8,5,2,2,6,7,6,8,9,6,5,4,6,0.555,"2024-06-13 06:49:25",912
5,5,8,5,9,8,5,8,7,6,9,5,6,5,5,5,6,4,9,7,0.655,"2024-06-11 06:48:27",913
8,2,7,4,3,11,3,2,7,6,6,9,5,5,5,4,7,3,6,8,0.565,"2024-06-14 06:50:20",914
4,7,4,5,6,5,2,4,3,4,5,3,4,4,10,5,4,5,5,3,0.515,"2024-06-12 06:48:52",915
4,2,3,3,2,4,3,6,7,2,8,6,5,4,9,6,6,7,4,6,0.465,"2024-06-14 06:50:20",916
7,9,4,4,6,4,7,2,5,5,3,2,3,3,2,4,10,3,8,2,0.46,"2024-06-15 06:50:39",917
3,2,5,2,3,12,2,3,8,9,8,9,5,6,3,4,4,8,7,2,0.55,"2024-06-11 06:48:27",918
5,7,6,9,5,4,6,5,6,2,6,6,6,4,4,5,1,4,4,3,0.49,"2024-06-18 06:51:48",919
6,4,4,4,5,5,8,7,3,8,8,8,6,4,3,3,6,8,6,7,0.575,"2024-06-11 06:48:27",920
3,3,6,6,10,6,4,5,3,10,10,9,5,4,3,6,7,7,6,7,0.63,"2024-06-13 06:49:11",921
4,5,7,3,8,3,5,3,5,4,3,5,3,5,5,7,2,6,2,6,0.455,"2024-06-11 06:48:27",922
4,1,6,4,5,4,5,7,5,10,5,5,5,2,4,3,4,5,4,6,0.45,"2024-06-13 06:49:25",923
4,3,7,5,5,8,3,6,4,4,6,3,8,6,3,3,8,7,5,6,0.56,"2024-06-11 06:48:27",924
6,2,5,7,5,3,7,7,7,7,3,0,3,4,7,7,4,7,3,1,0.47,"2024-06-15 06:50:39",925
3,0,8,4,6,5,5,5,5,5,5,2,4,4,4,6,6,6,6,5,0.515,"2024-06-14 06:50:20",926
3,3,6,8,8,7,8,7,3,2,2,5,3,8,6,4,5,4,7,4,0.525,"2024-06-14 06:50:20",927
3,5,5,3,9,4,6,4,6,6,4,4,9,4,6,5,2,5,2,5,0.5,"2024-06-18 06:51:48",928
4,4,6,5,4,4,4,8,3,8,5,6,1,5,3,6,5,4,4,9,0.475,"2024-06-13 06:49:11",929
6,2,2,4,5,9,4,4,6,2,5,5,5,7,4,4,1,5,6,5,0.485,"2024-06-11 06:48:27",930
6,8,10,6,2,2,2,5,6,6,7,5,1,5,6,5,3,9,0,5,0.495,"2024-06-11 06:48:27",931
6,6,1,8,7,5,6,4,3,4,4,4,2,5,2,4,5,5,5,6,0.455,"2024-06-14 06:50:20",932
8,8,5,6,6,6,0,4,2,3,4,4,5,5,8,2,6,5,4,7,0.485,"2024-06-11 06:48:27",933
4,6,3,4,4,8,4,3,3,7,6,4,3,7,5,6,4,8,7,5,0.54,"2024-06-18 06:51:48",934
5,4,4,7,0,8,3,11,4,5,2,10,4,5,4,4,4,5,5,8,0.51,"2024-06-11 06:48:27",935
5,2,8,4,5,5,3,1,5,6,7,3,4,7,3,8,5,6,3,2,0.515,"2024-06-13 06:49:25",936
3,2,4,4,7,6,5,7,1,2,5,8,8,7,4,6,4,6,4,3,0.465,"2024-06-14 06:50:20",937
3,5,6,5,1,7,5,5,7,4,3,6,6,2,2,5,10,6,6,3,0.485,"2024-06-13 06:49:11",938
4,5,8,5,7,7,5,4,5,4,4,7,6,3,6,4,6,8,5,6,0.565,"2024-06-13 06:49:25",939
4,5,1,6,8,5,6,1,4,7,6,5,2,1,6,5,5,7,4,3,0.455,"2024-06-11 06:48:27",940
5,4,5,5,5,4,5,4,6,4,10,3,3,7,4,2,6,5,4,4,0.47,"2024-06-11 06:48:27",941
7,3,5,10,3,4,3,5,3,5,3,9,5,4,3,6,5,6,8,2,0.54,"2024-06-14 06:50:20",942
5,5,3,5,3,3,9,4,4,8,5,3,5,3,8,8,9,9,9,2,0.585,"2024-06-13 06:49:42",943
3,6,9,2,5,6,2,3,6,4,1,4,2,3,6,5,9,8,3,5,0.485,"2024-06-14 06:50:20",944
3,5,1,2,3,5,3,6,6,6,9,4,2,5,6,4,4,4,5,4,0.44,"2024-06-13 06:49:11",945
10,7,6,5,5,8,6,4,9,1,3,8,4,5,6,3,3,2,0,5,0.515,"2024-06-11 06:48:27",946
4,9,4,8,7,7,4,5,4,5,6,6,3,6,3,5,2,4,5,6,0.52,"2024-06-18 06:51:48",947
2,6,4,8,6,3,5,4,8,4,2,4,5,3,6,7,3,6,0,6,0.47,"2024-06-11 06:48:27",948
3,5,4,5,5,9,4,4,5,3,3,7,7,4,3,6,6,5,3,4,0.47,"2024-06-13 06:49:42",949
3,5,5,4,6,3,8,6,5,6,4,8,7,2,9,8,1,4,7,5,0.545,"2024-06-16 06:50:59",950
3,2,5,9,8,5,7,7,3,4,5,5,4,7,5,6,3,4,5,4,0.505,"2024-06-14 06:50:20",951
4,6,5,3,1,9,3,3,9,5,4,7,7,5,3,10,6,4,4,4,0.55,"2024-06-14 06:50:20",952
5,3,6,4,7,2,4,4,5,3,8,6,8,3,6,2,1,6,5,9,0.475,"2024-06-14 06:50:20",953
5,5,3,5,5,6,8,5,4,3,8,5,4,7,7,5,3,4,4,5,0.505,"2024-06-18 06:51:48",954
4,6,5,5,4,3,2,6,4,1,6,7,2,6,6,8,5,3,6,6,0.52,"2024-06-12 06:48:52",955
6,2,1,5,4,7,3,2,2,7,5,4,4,3,8,3,6,4,10,5,0.455,"2024-06-11 06:48:27",956
6,9,5,3,4,7,5,5,4,4,3,5,3,6,8,3,3,5,1,2,0.505,"2024-06-13 06:49:11",957
4,5,6,8,6,4,3,4,8,0,8,8,3,5,6,7,3,5,5,5,0.52,"2024-06-11 06:48:27",958
5,9,4,5,2,2,4,6,7,3,3,5,3,2,2,5,9,7,4,5,0.505,"2024-06-12 06:48:52",959
5,1,6,3,8,3,1,8,4,5,4,6,4,4,1,7,3,6,5,6,0.46,"2024-06-14 06:50:20",960
4,3,4,4,10,3,3,3,6,4,3,4,3,4,3,7,5,6,5,6,0.43,"2024-06-11 06:48:27",961
4,3,8,4,3,2,4,6,4,11,7,6,8,3,4,4,4,7,3,9,0.525,"2024-06-14 06:50:20",962
5,5,8,7,9,3,6,6,6,3,5,6,4,4,2,6,5,7,5,4,0.545,"2024-06-13 06:49:42",963
3,5,7,4,4,8,6,5,5,7,2,4,1,3,6,5,5,4,3,7,0.46,"2024-06-18 06:51:48",964
1,8,4,3,3,7,7,5,2,6,7,3,5,4,3,2,6,6,10,5,0.475,"2024-06-19 06:52:19",965
8,9,7,8,4,2,4,3,4,3,2,7,5,2,5,1,6,5,4,6,0.46,"2024-06-11 06:48:27",966
4,2,10,5,3,4,8,7,7,3,5,5,7,5,5,2,3,7,9,6,0.54,"2024-06-14 06:50:20",967
3,7,5,3,6,5,7,7,2,6,9,5,5,3,3,6,1,3,4,1,0.455,"2024-06-12 06:48:52",968
4,5,8,4,5,6,8,4,9,5,5,6,4,4,4,5,6,7,3,3,0.535,"2024-06-15 06:50:39",969
3,6,4,4,3,4,0,7,4,4,5,4,2,5,9,4,7,7,7,4,0.46,"2024-06-13 06:49:11",970
7,7,4,2,5,7,7,2,4,3,6,2,4,5,8,3,2,5,1,6,0.425,"2024-06-14 06:50:20",971
7,9,4,8,1,8,7,4,4,3,4,7,8,4,3,6,4,2,5,7,0.53,"2024-06-13 06:49:42",972
5,6,2,5,6,3,8,9,4,6,7,6,5,2,8,3,6,5,5,3,0.525,"2024-06-14 06:50:20",973
11,2,6,5,1,4,7,6,6,1,6,3,8,7,8,4,4,5,7,6,0.545,"2024-06-19 06:52:19",974
3,3,4,7,3,4,4,6,3,5,4,5,6,6,6,4,10,4,4,4,0.47,"2024-06-15 06:50:39",975
4,7,3,5,5,6,4,4,3,6,6,6,6,2,4,10,6,7,2,4,0.515,"2024-06-12 06:48:52",976
4,5,5,2,5,2,6,5,4,3,3,7,7,3,3,4,5,8,6,5,0.48,"2024-06-12 06:48:52",977
7,4,5,6,4,7,1,9,7,4,7,3,1,3,4,6,9,5,6,4,0.51,"2024-06-11 06:48:27",978
7,4,5,2,5,9,4,8,4,2,3,12,4,3,4,1,1,4,2,7,0.45,"2024-06-11 06:48:27",979
5,2,5,5,3,11,4,6,7,3,4,7,4,4,6,4,5,4,4,5,0.53,"2024-06-19 06:52:19",980
3,8,6,5,4,5,6,5,3,5,3,7,8,10,5,3,3,5,3,3,0.555,"2024-06-15 06:50:39",981
5,2,4,2,4,4,4,4,3,5,4,5,3,5,2,8,2,4,3,3,0.37,"2024-06-15 06:50:39",982
6,6,5,5,5,4,6,4,3,4,5,3,7,2,8,4,6,4,6,4,0.485,"2024-06-11 06:48:27",983
3,10,3,5,6,3,11,11,10,4,5,8,4,2,1,8,7,3,5,4,0.615,"2024-06-12 06:48:52",984
3,6,4,4,3,4,2,5,5,2,7,8,3,8,4,7,10,8,2,1,0.48,"2024-06-15 06:50:39",985
5,4,4,11,1,2,4,5,5,5,4,7,6,0,5,6,3,2,6,8,0.51,"2024-06-11 06:48:27",986
5,3,2,5,3,7,2,5,5,2,4,6,5,3,11,4,5,4,4,6,0.45,"2024-06-17 06:51:17",987
5,5,4,5,6,5,4,6,3,8,6,7,5,7,4,6,7,5,5,7,0.565,"2024-06-15 06:50:39",988
4,7,8,6,4,5,7,6,4,4,5,5,4,3,5,3,8,7,4,5,0.55,"2024-06-19 06:52:19",989
4,3,6,3,5,5,7,4,5,3,4,5,3,5,4,3,3,4,8,6,0.425,"2024-06-17 06:51:17",990
5,7,5,6,3,4,3,4,7,2,4,4,4,4,11,3,6,6,6,5,0.495,"2024-06-14 06:50:20",991
3,3,3,4,4,5,3,2,3,7,2,5,2,8,7,6,6,7,4,6,0.46,"2024-06-11 06:48:27",992
7,5,7,4,5,10,3,5,7,6,5,3,5,3,9,3,6,4,2,5,0.56,"2024-06-19 06:52:19",993
7,6,3,2,7,3,3,3,3,4,5,3,6,4,9,8,3,2,5,3,0.45,"2024-06-13 06:49:11",994
2,3,5,7,2,6,2,5,5,5,8,3,7,6,3,7,5,6,8,4,0.495,"2024-06-14 06:50:20",995
3,6,6,6,7,2,6,6,7,5,4,4,2,7,4,8,4,4,10,4,0.535,"2024-06-19 06:52:19",996
4,6,5,4,3,4,4,9,2,2,4,8,7,5,6,11,5,8,3,5,0.535,"2024-06-14 06:50:20",997
4,5,5,4,3,6,3,3,4,5,3,3,6,5,6,3,5,5,8,3,0.45,"2024-06-12 06:48:52",998
5,3,6,3,5,3,7,4,4,2,7,6,7,2,5,6,7,5,4,9,0.605,"2024-06-15 06:50:39",999
4,8,4,6,3,5,3,1,5,2,4,6,6,4,6,8,4,6,5,3,0.46,"2024-06-11 06:48:27",1000
6,4,8,7,8,3,4,4,3,0,2,3,8,2,6,3,5,6,4,8,0.51,"2024-06-12 06:48:52",1001
6,8,6,6,2,5,6,2,5,2,3,8,7,6,2,4,3,5,4,7,0.475,"2024-06-14 06:50:20",1002
3,5,8,0,7,2,3,6,1,7,5,7,2,7,13,3,5,9,5,4,0.54,"2024-06-13 06:49:11",1003
7,4,4,4,7,6,11,1,2,4,2,9,6,5,2,4,7,4,6,6,0.525,"2024-06-12 06:48:52",1004
3,5,5,5,1,7,3,6,5,3,7,6,3,3,4,7,7,9,5,2,0.49,"2024-06-19 06:52:19",1005
6,7,3,4,4,4,3,4,3,4,7,9,8,7,5,6,5,4,1,5,0.495,"2024-06-12 06:48:52",1006
7,5,4,5,6,4,8,5,3,2,4,8,3,4,6,9,5,5,8,4,0.53,"2024-06-19 06:52:19",1007
6,4,6,4,4,5,7,7,4,5,9,3,8,7,4,5,5,6,8,5,0.59,"2024-06-14 06:50:20",1008
2,6,7,10,7,6,4,2,4,4,4,6,2,3,4,6,4,6,5,5,0.465,"2024-06-16 06:50:59",1009
1,5,3,4,2,9,6,5,6,6,2,3,6,7,2,5,8,4,4,2,0.495,"2024-06-19 06:52:19",1010
5,7,5,5,6,7,3,5,4,5,5,7,6,6,5,8,1,4,8,5,0.545,"2024-06-11 06:48:27",1011
9,4,3,5,3,5,5,1,7,5,3,3,7,7,2,4,5,8,6,4,0.465,"2024-06-15 06:50:39",1012
5,5,6,6,5,5,4,5,4,9,5,4,4,4,4,3,4,5,4,4,0.47,"2024-06-19 06:52:19",1013
6,5,5,4,8,3,4,6,6,5,3,5,3,7,5,2,4,5,5,12,0.525,"2024-06-11 06:48:27",1014
5,6,3,8,6,5,8,4,3,4,6,4,5,6,4,7,6,7,9,7,0.575,"2024-06-14 06:50:20",1015
8,5,5,4,4,8,4,8,3,4,8,2,6,5,4,3,10,6,5,6,0.565,"2024-06-15 06:50:39",1016
11,4,4,4,5,7,6,9,5,6,6,8,4,5,6,9,4,5,6,2,0.59,"2024-06-19 06:52:19",1017
3,4,5,7,5,6,10,3,5,5,5,5,4,6,5,4,6,5,5,4,0.54,"2024-06-13 06:49:11",1018
7,3,10,4,6,6,5,6,1,6,6,4,8,9,6,6,5,4,2,6,0.56,"2024-06-15 06:50:39",1019
3,6,3,5,8,2,5,4,5,6,6,3,5,9,8,5,5,6,4,4,0.51,"2024-06-14 06:50:20",1020
5,1,3,2,8,6,5,8,8,5,5,5,6,6,6,6,3,6,3,3,0.53,"2024-06-14 06:50:20",1021
3,5,3,4,6,11,8,7,4,7,4,7,7,3,4,9,8,7,3,3,0.615,"2024-06-19 06:52:19",1022
4,4,6,4,5,5,6,3,3,6,5,10,4,8,8,3,7,4,6,3,0.535,"2024-06-13 06:49:42",1023
7,4,7,3,6,5,3,5,5,4,7,4,8,4,5,5,7,7,3,6,0.545,"2024-06-11 06:48:27",1024
9,3,7,9,5,3,4,5,7,7,6,3,3,2,7,5,9,5,4,6,0.55,"2024-06-16 06:50:59",1025
6,4,7,5,5,4,7,4,4,8,6,3,4,4,7,5,2,4,2,5,0.48,"2024-06-17 06:51:17",1026
7,4,1,4,7,9,5,4,6,7,7,2,3,5,3,3,3,6,4,6,0.48,"2024-06-14 06:50:20",1027
3,6,3,4,4,3,6,6,8,3,3,6,6,7,3,6,5,4,4,5,0.46,"2024-06-16 06:50:59",1028
4,5,8,7,3,3,5,9,6,6,5,5,2,8,6,5,6,6,10,4,0.595,"2024-06-11 06:48:27",1029
6,2,9,6,1,6,1,5,3,9,3,4,5,5,9,3,5,4,7,1,0.46,"2024-06-13 06:49:42",1030
5,1,4,8,4,2,7,6,2,9,6,7,5,2,6,5,2,7,4,4,0.465,"2024-06-19 06:52:19",1031
12,3,5,4,7,6,3,4,3,5,8,7,5,7,8,4,8,4,5,5,0.575,"2024-06-13 06:49:11",1032
4,8,6,8,9,2,5,3,7,4,12,2,8,3,4,9,6,3,7,7,0.62,"2024-06-11 06:48:27",1033
3,3,9,4,6,8,8,7,7,6,5,5,5,6,5,5,6,6,4,4,0.57,"2024-06-15 06:50:39",1034
1,5,8,1,4,5,12,9,4,3,4,7,4,3,8,7,6,5,5,3,0.525,"2024-06-11 06:48:27",1035
7,2,2,6,6,7,4,7,3,2,11,5,2,4,6,5,5,2,5,4,0.47,"2024-06-14 06:50:20",1036
5,2,6,2,5,4,4,6,12,4,6,2,9,5,5,3,6,6,5,8,0.535,"2024-06-19 06:52:19",1037
3,3,4,6,3,9,5,5,5,9,8,6,3,3,4,4,7,8,3,8,0.545,"2024-06-19 06:52:19",1038
6,7,5,6,6,2,6,2,5,3,6,12,2,6,2,5,1,4,5,10,0.505,"2024-06-11 06:48:27",1039
5,7,4,5,9,3,5,9,3,7,3,4,8,5,1,4,6,3,4,4,0.495,"2024-06-13 06:49:42",1040
3,7,9,3,4,6,7,9,3,6,2,8,11,6,5,2,2,6,7,7,0.595,"2024-06-12 06:48:52",1041
5,9,2,6,6,4,2,5,6,5,3,2,3,6,5,4,5,4,5,4,0.45,"2024-06-11 06:48:27",1042
3,5,9,5,2,5,5,6,6,5,3,6,3,3,5,2,3,4,6,3,0.44,"2024-06-13 06:49:11",1043
3,5,5,8,4,4,4,6,6,5,4,7,5,4,5,4,6,2,7,2,0.49,"2024-06-15 06:50:39",1044
7,4,4,3,5,5,6,3,5,6,4,5,3,2,7,4,5,6,2,2,0.42,"2024-06-12 06:48:52",1045
7,7,10,2,5,11,8,2,5,4,5,5,7,6,4,5,4,4,5,5,0.575,"2024-06-19 06:52:19",1046
6,3,2,5,4,6,11,7,4,8,3,9,4,2,3,5,7,7,1,6,0.52,"2024-06-17 06:51:17",1047
3,6,6,5,4,6,4,6,3,2,9,8,6,6,8,5,7,2,8,8,0.57,"2024-06-13 06:49:42",1048
2,4,5,7,3,3,4,2,1,4,8,5,6,5,3,10,5,6,7,8,0.485,"2024-06-11 06:48:27",1049
4,5,6,5,6,6,4,4,10,4,6,8,9,6,7,4,6,4,4,3,0.565,"2024-06-14 06:50:20",1050
5,8,5,4,4,5,3,2,3,6,7,10,6,5,7,4,5,3,5,2,0.495,"2024-06-12 06:48:52",1051
4,11,9,2,6,1,4,5,3,5,3,9,5,5,4,3,10,4,1,6,0.53,"2024-06-11 06:48:27",1052
1,2,8,4,10,1,5,7,5,7,3,1,2,6,7,1,5,6,2,6,0.425,"2024-06-11 06:48:27",1053
6,5,6,5,4,5,4,4,5,7,6,5,3,3,4,5,11,10,1,5,0.535,"2024-06-17 06:51:17",1054
6,5,6,5,4,7,1,6,5,5,4,5,6,4,9,6,3,5,4,8,0.535,"2024-06-17 06:51:17",1055
2,10,3,4,6,5,9,4,1,4,5,6,8,5,4,4,5,5,6,11,0.545,"2024-06-19 06:52:19",1056
3,7,8,2,5,5,9,4,6,6,7,5,8,7,9,6,6,3,2,5,0.575,"2024-06-12 06:48:52",1057
5,4,3,3,1,4,5,6,8,7,6,6,3,6,4,6,8,5,5,2,0.485,"2024-06-14 06:50:20",1058
5,3,5,6,7,4,6,5,4,6,9,3,7,7,4,6,4,6,6,8,0.565,"2024-06-17 06:51:17",1059
3,3,5,7,3,6,4,4,4,8,7,7,8,6,7,6,6,6,7,6,0.595,"2024-06-11 06:48:27",1060
3,2,2,6,6,4,5,7,4,5,3,6,2,5,5,7,9,7,9,6,0.55,"2024-06-12 06:48:52",1061
8,3,4,3,9,8,5,3,5,5,4,8,7,5,5,3,4,8,5,6,0.565,"2024-06-14 06:50:20",1062
4,3,5,4,3,4,7,0,9,4,4,6,7,3,3,4,6,3,6,5,0.46,"2024-06-13 06:49:42",1063
2,5,9,7,3,8,8,3,4,7,7,6,7,3,5,6,2,3,6,3,0.525,"2024-06-17 06:51:17",1064
4,7,6,8,13,3,7,3,5,8,6,6,4,3,6,6,6,5,6,8,0.625,"2024-06-11 06:48:27",1065
5,4,7,7,4,6,4,5,7,3,4,7,9,5,7,3,4,3,4,6,0.535,"2024-06-20 06:52:40",1066
3,3,7,5,7,5,4,3,5,5,7,2,4,2,10,4,6,2,3,9,0.5,"2024-06-11 06:48:27",1067
4,5,6,8,5,1,7,7,3,7,5,3,4,2,3,4,6,3,2,8,0.46,"2024-06-15 06:50:39",1068
3,5,7,7,10,0,8,7,8,2,6,5,6,7,4,6,3,5,5,4,0.565,"2024-06-12 06:48:52",1069
5,3,7,7,0,6,8,2,6,3,6,5,4,7,4,4,7,5,3,8,0.495,"2024-06-20 06:52:40",1070
2,2,4,5,6,3,4,6,6,4,7,2,3,6,6,7,7,5,3,14,0.54,"2024-06-13 06:49:11",1071
4,8,5,4,5,8,4,3,5,3,4,5,2,5,4,6,2,5,7,4,0.48,"2024-06-17 06:51:17",1072
5,6,4,3,6,4,6,7,5,4,6,2,5,5,9,7,5,3,3,3,0.49,"2024-06-12 06:48:52",1073
7,5,4,3,8,4,2,3,3,7,8,4,2,1,3,7,3,2,6,2,0.405,"2024-06-14 06:50:20",1074
5,5,7,4,5,5,8,6,7,6,3,2,1,2,6,6,3,7,8,6,0.51,"2024-06-17 06:51:17",1075
5,5,7,5,5,7,8,8,5,4,6,4,6,4,5,4,5,3,9,4,0.55,"2024-06-13 06:49:11",1076
6,3,6,6,1,4,7,5,2,8,6,1,2,6,6,9,4,7,11,5,0.53,"2024-06-16 06:50:59",1077
7,1,7,4,8,3,6,4,3,4,7,6,3,10,1,2,3,3,3,5,0.43,"2024-06-14 06:50:20",1078
2,3,5,4,5,11,4,6,4,5,4,3,5,5,2,7,5,5,3,3,0.45,"2024-06-11 06:48:27",1079
5,5,4,3,4,4,6,2,5,4,8,4,5,4,5,6,4,4,6,2,0.46,"2024-06-19 06:52:19",1080
3,7,8,7,7,8,7,4,2,5,6,4,5,4,7,4,4,6,9,7,0.58,"2024-06-14 06:50:20",1081
4,2,5,4,8,4,5,3,3,6,5,6,3,3,7,7,6,5,5,5,0.48,"2024-06-14 06:50:20",1082
4,5,6,4,3,5,5,3,4,7,7,5,8,4,5,7,7,4,7,6,0.555,"2024-06-13 06:49:11",1083
6,3,4,7,5,5,8,4,7,4,6,4,5,4,4,4,3,2,8,1,0.445,"2024-06-14 06:50:20",1084
3,2,2,4,6,7,2,6,2,3,2,2,3,9,7,6,4,3,8,6,0.44,"2024-06-19 06:52:19",1085
3,5,4,3,3,3,6,4,6,9,3,2,4,3,3,1,5,8,2,3,0.39,"2024-06-19 06:52:19",1086
5,2,4,3,3,7,6,6,5,6,6,4,3,3,6,5,5,8,5,5,0.465,"2024-06-17 06:51:17",1087
5,2,4,3,7,2,4,4,5,6,4,3,3,4,8,6,7,4,5,4,0.425,"2024-06-16 06:50:59",1088
6,5,1,5,8,8,4,5,6,8,3,3,6,3,6,5,6,5,5,6,0.52,"2024-06-20 06:52:40",1089
8,7,4,7,5,7,4,4,8,4,4,3,2,5,1,5,11,5,3,1,0.485,"2024-06-11 06:48:27",1090
4,6,5,2,2,7,4,6,9,4,8,3,2,3,4,6,7,5,3,4,0.52,"2024-06-12 06:48:52",1091
6,4,4,6,7,2,5,6,4,2,8,6,6,3,2,1,1,2,4,4,0.405,"2024-06-13 06:49:11",1092
6,5,4,4,5,6,4,6,3,5,2,4,6,8,4,5,7,3,4,6,0.51,"2024-06-17 06:51:17",1093
5,4,5,4,4,5,3,4,7,5,1,3,7,4,9,11,2,5,8,5,0.505,"2024-06-20 06:52:40",1094
5,6,5,4,4,4,3,5,9,6,2,6,8,1,6,6,7,3,3,4,0.475,"2024-06-11 06:48:27",1095
3,4,5,6,2,4,4,4,4,3,6,4,2,8,4,7,3,10,6,8,0.465,"2024-06-13 06:49:42",1096
5,4,4,5,2,4,3,2,8,2,6,5,4,8,4,3,4,4,3,2,0.41,"2024-06-12 06:48:52",1097
5,4,6,10,5,1,4,5,1,6,3,12,4,6,4,4,8,4,2,2,0.465,"2024-06-16 06:50:59",1098
7,5,4,4,3,4,5,5,5,3,4,5,6,4,9,5,7,9,7,6,0.57,"2024-06-20 06:52:40",1099
3,6,7,6,6,7,2,5,6,3,5,1,5,7,7,5,9,4,4,4,0.51,"2024-06-15 06:50:39",1100
5,6,6,4,6,7,5,5,5,4,5,5,6,4,5,6,6,3,8,6,0.57,"2024-06-20 06:52:40",1101
4,2,9,4,6,3,1,5,3,2,5,2,4,8,7,3,9,5,6,4,0.455,"2024-06-13 06:49:11",1102
4,4,7,6,4,5,5,5,4,4,6,6,6,4,8,5,5,7,2,7,0.535,"2024-06-12 06:48:52",1103
4,0,7,6,4,7,7,5,2,2,4,4,6,5,6,2,8,5,5,3,0.485,"2024-06-11 06:48:27",1104
4,2,5,6,5,6,2,4,3,6,2,5,3,2,6,4,7,3,5,10,0.495,"2024-06-20 06:52:40",1105
8,6,4,6,6,5,5,6,6,5,6,9,3,5,5,6,3,5,4,2,0.535,"2024-06-11 06:48:27",1106
6,4,7,6,3,4,9,7,5,5,6,3,7,5,2,4,6,6,3,2,0.54,"2024-06-20 06:52:40",1107
3,6,3,4,5,3,4,4,3,5,2,2,6,2,4,4,3,2,3,4,0.415,"2024-06-20 06:52:40",1108
5,9,2,5,2,7,6,4,4,6,2,9,3,8,5,5,7,1,4,5,0.52,"2024-06-13 06:49:25",1109
4,9,3,7,4,4,7,6,4,4,5,7,4,6,4,7,5,10,6,5,0.565,"2024-06-13 06:49:42",1110
5,5,2,5,11,9,7,6,5,9,0,3,8,7,3,2,6,2,10,6,0.595,"2024-06-17 06:51:17",1111
6,6,4,5,5,13,2,7,5,6,4,6,8,4,5,6,6,8,10,5,0.62,"2024-06-11 06:48:27",1112
8,6,6,6,8,2,8,3,8,5,3,5,5,7,6,8,5,7,5,5,0.6,"2024-06-17 06:51:17",1113
11,5,5,5,4,7,4,7,4,6,3,6,5,4,8,4,4,8,5,7,0.57,"2024-06-16 06:50:59",1114
6,9,3,2,5,5,2,6,2,6,5,6,7,1,3,2,5,5,7,6,0.46,"2024-06-20 06:52:40",1115
4,2,3,2,6,5,6,2,5,6,8,3,2,7,6,5,7,4,4,3,0.44,"2024-06-11 06:48:27",1116
5,8,5,8,4,4,8,7,7,6,6,3,6,3,3,6,6,5,7,3,0.575,"2024-06-20 06:52:40",1117
6,6,4,4,5,7,6,9,3,2,5,3,3,2,8,5,6,7,7,7,0.53,"2024-06-17 06:51:17",1118
2,5,2,5,8,7,4,3,4,5,5,3,4,5,5,8,4,8,4,5,0.465,"2024-06-17 06:51:17",1119
7,2,10,4,4,5,5,4,3,5,6,6,8,3,6,5,5,2,5,2,0.51,"2024-06-20 06:52:40",1120
4,6,3,8,5,6,7,5,2,4,4,4,8,5,7,3,4,4,2,6,0.5,"2024-06-15 06:50:39",1121
5,5,2,2,7,5,5,5,7,3,4,4,6,3,6,8,4,5,8,3,0.48,"2024-06-14 06:50:20",1122
3,5,3,6,6,5,3,5,5,6,4,6,4,3,6,7,4,2,6,8,0.475,"2024-06-17 06:51:17",1123
3,4,3,3,2,4,6,5,5,4,4,4,4,4,8,3,4,3,6,7,0.43,"2024-06-11 06:48:27",1124
5,5,2,2,4,5,6,5,5,5,1,5,10,5,5,7,4,7,8,6,0.54,"2024-06-21 06:53:09",1125
8,5,7,5,10,6,4,5,7,6,2,2,3,4,5,5,8,3,3,3,0.525,"2024-06-16 06:50:59",1126
2,8,5,3,7,3,6,4,6,3,6,1,4,3,4,5,7,7,8,4,0.48,"2024-06-21 06:53:09",1127
5,4,12,2,5,5,4,4,2,8,5,7,5,5,4,4,2,3,8,4,0.475,"2024-06-20 06:52:40",1128
3,9,8,5,5,2,4,6,5,6,5,3,8,7,3,6,5,3,2,8,0.525,"2024-06-17 06:51:17",1129
3,4,3,8,8,6,0,2,6,5,5,4,7,6,7,5,4,5,2,7,0.5,"2024-06-18 06:51:48",1130
5,4,3,3,8,2,7,4,4,3,6,4,3,7,3,6,6,3,5,4,0.43,"2024-06-17 06:51:17",1131
5,2,6,4,7,5,1,4,4,3,7,6,5,8,1,10,2,6,6,4,0.49,"2024-06-20 06:52:40",1132
5,12,4,5,2,5,5,4,4,3,5,4,3,7,4,4,9,2,3,3,0.48,"2024-06-15 06:50:39",1133
6,5,4,5,1,6,5,4,4,7,5,5,2,7,5,6,4,3,3,8,0.46,"2024-06-21 06:53:09",1134
9,3,2,6,5,6,8,4,6,6,7,4,6,4,4,5,1,6,7,6,0.53,"2024-06-16 06:50:59",1135
10,4,5,3,6,7,4,7,6,4,4,6,8,3,4,7,1,5,10,6,0.56,"2024-06-13 06:49:42",1136
2,7,4,4,7,3,4,6,4,10,5,4,8,3,7,5,4,3,3,3,0.48,"2024-06-17 06:51:17",1137
5,8,8,6,5,1,6,8,3,2,6,1,4,1,5,1,7,11,5,4,0.5,"2024-06-14 06:50:20",1138
7,4,6,5,4,4,5,8,2,5,4,5,2,4,6,4,4,7,7,4,0.475,"2024-06-14 06:50:20",1139
4,6,6,5,5,3,7,6,8,4,6,4,1,6,6,5,3,8,4,13,0.56,"2024-06-21 06:53:09",1140
7,10,6,2,6,4,4,8,2,3,2,4,8,3,3,3,4,5,4,4,0.485,"2024-06-18 06:51:48",1141
6,8,4,3,5,6,7,4,6,7,3,4,4,6,8,5,6,6,3,6,0.54,"2024-06-21 06:53:09",1142
4,7,4,9,4,3,8,5,5,5,9,4,5,4,3,3,3,4,5,2,0.52,"2024-06-20 06:52:40",1143
6,3,6,2,5,2,7,8,4,8,4,5,5,6,3,5,2,5,4,6,0.465,"2024-06-15 06:50:39",1144
6,1,5,5,4,6,3,5,5,8,6,5,5,10,4,7,5,2,5,2,0.52,"2024-06-21 06:53:09",1145
5,10,3,7,3,7,5,3,4,3,5,11,5,6,7,2,3,7,7,7,0.58,"2024-06-14 06:50:20",1146
6,10,5,4,5,4,7,7,2,7,10,3,5,3,8,5,3,7,4,6,0.585,"2024-06-21 06:53:09",1147
1,1,1,6,2,3,6,3,3,4,6,4,4,6,3,6,3,2,5,3,0.415,"2024-06-13 06:49:42",1148
4,3,2,2,3,4,4,5,8,4,4,5,7,5,7,4,3,5,6,6,0.47,"2024-06-16 06:50:59",1149
10,4,2,4,4,4,3,4,6,3,8,5,6,5,3,2,5,5,7,4,0.445,"2024-06-21 06:53:09",1150
6,3,9,6,4,8,6,4,4,6,5,7,1,4,7,3,5,6,7,7,0.565,"2024-06-11 06:48:27",1151
4,2,5,4,3,7,5,6,8,8,6,4,5,5,5,4,7,4,5,7,0.535,"2024-06-21 06:53:09",1152
3,8,5,7,4,2,7,5,5,10,2,4,5,6,6,4,2,5,6,3,0.515,"2024-06-20 06:52:40",1153
0,4,5,3,6,7,4,4,1,1,7,3,2,5,7,1,1,6,4,2,0.415,"2024-06-21 06:53:09",1154
9,5,5,8,8,6,7,5,6,5,5,2,4,4,7,3,4,9,6,9,0.62,"2024-06-18 06:51:48",1155
2,8,7,4,6,8,3,5,4,3,6,5,7,7,5,6,6,4,5,6,0.54,"2024-06-14 06:50:20",1156
2,8,3,2,8,5,2,3,4,10,5,1,8,2,5,5,6,6,3,4,0.47,"2024-06-21 06:53:09",1157
5,4,1,5,7,8,4,2,2,2,6,4,4,2,5,4,2,3,5,9,0.42,"2024-06-20 06:52:40",1158
12,9,2,4,4,2,1,4,3,4,2,4,4,4,10,4,8,5,5,4,0.47,"2024-06-15 06:50:39",1159
4,5,4,6,6,2,3,4,7,3,6,5,2,7,8,5,6,4,6,5,0.475,"2024-06-21 06:53:09",1160
6,4,6,9,1,2,8,13,7,4,5,6,5,7,5,3,3,4,1,2,0.54,"2024-06-16 06:50:59",1161
2,4,5,4,6,2,1,4,7,3,7,7,3,2,1,10,4,8,7,6,0.51,"2024-06-11 06:48:27",1162
7,8,4,3,4,4,3,8,6,5,5,7,5,7,7,4,3,3,6,3,0.51,"2024-06-21 06:53:09",1163
4,5,5,4,2,3,5,4,3,2,3,6,6,4,3,3,1,4,7,8,0.41,"2024-06-20 06:52:40",1164
4,6,3,3,2,7,3,7,2,9,1,5,6,3,8,3,7,4,2,7,0.515,"2024-06-13 06:49:42",1165
6,3,5,5,5,3,1,5,6,3,3,6,10,4,3,7,8,6,9,7,0.53,"2024-06-21 06:53:09",1166
4,5,4,6,8,4,5,4,4,6,4,3,4,2,3,7,4,7,4,5,0.455,"2024-06-18 06:51:48",1167
9,8,5,5,5,6,6,6,6,3,7,3,6,4,5,3,7,6,8,5,0.615,"2024-06-20 06:52:40",1168
4,5,10,7,2,7,6,7,4,7,5,5,5,3,5,5,6,7,6,5,0.565,"2024-06-21 06:53:09",1169
3,2,2,6,1,4,3,4,3,4,5,5,3,3,7,5,4,5,5,7,0.395,"2024-06-11 06:48:27",1170
1,4,4,1,6,5,5,9,4,11,4,8,7,7,3,3,8,6,6,3,0.535,"2024-06-16 06:50:59",1171
2,6,5,3,6,3,5,4,3,5,5,3,7,7,9,5,4,10,7,3,0.54,"2024-06-21 06:53:09",1172
7,6,4,5,3,6,4,5,5,3,3,9,3,3,5,2,9,4,3,11,0.53,"2024-06-16 06:50:59",1173
6,6,6,6,5,5,4,3,7,10,4,8,3,6,4,4,4,3,5,8,0.545,"2024-06-18 06:51:48",1174
6,8,5,4,6,1,7,5,6,4,1,6,6,4,3,4,4,4,2,2,0.42,"2024-06-21 06:53:09",1175
8,1,6,5,4,7,5,5,1,3,6,5,9,9,3,5,2,6,7,5,0.51,"2024-06-16 06:50:59",1176
1,6,4,5,6,5,4,7,3,8,6,7,2,4,5,7,4,6,5,4,0.515,"2024-06-13 06:49:42",1177
4,4,5,4,6,5,6,2,5,3,2,3,3,8,4,11,5,3,4,8,0.515,"2024-06-21 06:53:09",1178
3,3,4,4,11,8,2,6,3,6,5,5,7,5,3,5,1,3,4,7,0.515,"2024-06-16 06:50:59",1179
4,3,4,9,5,10,5,5,6,7,5,3,3,1,3,3,4,4,5,1,0.435,"2024-06-15 06:50:39",1180
5,5,2,5,4,3,5,5,4,3,7,4,4,5,3,5,3,4,7,8,0.45,"2024-06-16 06:50:59",1181
5,6,4,6,7,9,6,8,5,5,5,5,7,6,7,3,5,4,3,5,0.59,"2024-06-21 06:53:09",1182
3,6,2,7,4,7,3,3,5,4,2,8,10,2,7,4,5,6,3,4,0.47,"2024-06-16 06:50:59",1183
11,8,4,7,5,8,6,9,3,5,6,4,3,6,5,8,5,3,5,5,0.615,"2024-06-21 06:53:09",1184
5,6,4,4,3,4,3,5,5,7,2,5,5,4,5,6,5,2,4,8,0.47,"2024-06-13 06:49:42",1185
4,10,6,6,3,10,5,5,6,5,2,5,2,5,3,4,7,4,3,9,0.55,"2024-06-16 06:50:59",1186
6,4,8,5,5,8,5,5,4,5,3,7,2,4,3,7,5,3,3,4,0.48,"2024-06-11 06:48:27",1187
4,9,5,8,8,5,4,4,4,6,4,3,6,2,5,6,8,3,7,3,0.55,"2024-06-18 06:51:48",1188
5,4,8,4,7,6,0,4,8,5,3,7,4,7,7,5,4,1,4,4,0.49,"2024-06-15 06:50:39",1189
3,7,10,5,7,4,7,3,6,5,3,8,4,3,7,4,6,1,5,4,0.55,"2024-06-16 06:50:59",1190
7,6,5,6,3,7,4,3,6,3,3,10,1,3,3,5,4,7,5,4,0.465,"2024-06-11 06:48:27",1191
4,5,5,6,4,5,3,8,5,6,2,9,6,6,3,3,3,8,5,8,0.52,"2024-06-18 06:51:48",1192
8,8,5,6,4,2,5,5,5,4,3,4,4,6,7,4,7,4,7,8,0.545,"2024-06-13 06:49:42",1193
6,2,6,5,6,5,5,5,3,5,5,5,6,1,3,6,5,3,2,6,0.425,"2024-06-15 06:50:39",1194
5,5,6,7,4,4,5,10,5,7,6,10,5,2,6,3,3,4,2,4,0.525,"2024-06-18 06:51:48",1195
4,5,4,7,4,4,6,6,3,5,5,3,4,6,5,1,5,8,4,8,0.475,"2024-06-11 06:48:27",1196
4,5,5,5,7,2,3,8,2,5,3,5,3,5,7,5,2,2,4,4,0.41,"2024-06-15 06:50:39",1197
7,1,4,5,2,5,6,3,8,3,2,2,8,1,4,6,3,2,5,2,0.385,"2024-06-13 06:49:42",1198
3,2,8,4,6,7,6,5,7,2,4,2,3,2,6,2,4,4,6,8,0.45,"2024-06-18 06:51:48",1199
6,5,3,3,5,4,4,3,8,3,4,7,5,3,8,4,4,6,6,3,0.515,"2024-06-15 06:50:39",1200
